Genus,Species_Epithet,Weight_list,cx,temp,tmax,tmin,varpr,srad,wind,rf,SCSI,growth,Weight_source,SCSI_source,Growth_source,WeightURL,SCSIURL,Growth_source,ID,tip,an.pe
Achillea,atrata,0.2424,255.9402985,4.516675047,8.33690105,0.626667018,0.679190575,11930.28125,2.917031567,109.140625,SC,herb,Kew_SID,Goldberg et al. (2010),GBIF,http://data.kew.org/sid/SidServlet?ID=54431&Num=zNb,https://nph.onlinelibrary.wiley.com/doi/epdf/10.1111/nph.14534,https://www.gbif.org/species/3120203,CO0017,NA,
Achillea,clusiana,0.263,256,5.35102432,10.04278119,1.798865924,0.733668363,11600.92188,2.81232685,91.40104167,SC,herb,Kew_SID,Goldberg et al. (2010),GBIF,http://data.kew.org/sid/SidServlet?ID=41607&Num=HV6,https://nph.onlinelibrary.wiley.com/doi/epdf/10.1111/nph.14534,https://www.gbif.org/species/3120002,CO0021,NA,
Achillea,collina,0.143,251.8376511,8.508328676,12.56828879,4.049403448,0.871881799,12096.4201,3.239773512,70.16978777,SI,herb,Kew_SID,Goldberg et al. (2010),GBIF,http://data.kew.org/sid/SidServlet?ID=31664&Num=2K1,https://nph.onlinelibrary.wiley.com/doi/epdf/10.1111/nph.14534,https://www.gbif.org/species/7925124,CO0024,NA,
Achillea,millefolium,0.232,237.2694135,6.73584837,11.10610297,2.385541019,0.827917552,11178.11555,3.671803364,70.49702688,SI,herb,Kew_SID,Goldberg et al. (2010),Engemann et al. (2016),http://data.kew.org/sid/SidServlet?ID=2562&Num=iD3,https://www.researchgate.net/publication/280301680_httpacels-cdncomS18770509150162701-s20-S1877050915016270-mainpdf_tid9bb09b86-30d9-11e5-b5f7-00000aab0f01acdnat1437614868_4e27ae3f0c753a36544803dc5c24c930,https://esajournals.onlinelibrary.wiley.com/doi/full/10.1002/ecy.1569,CO0041,NA,
Achillea,ptarmica,0.31,200.4378236,6.15970245,9.867409999,2.367702392,0.812955251,9652.629138,3.7569817,70.51732364,SI,herb,Kew_SID,Goldberg et al. (2010),Engemann et al. (2016),http://data.kew.org/sid/SidServlet?ID=2562&Num=iD3,https://www.researchgate.net/publication/280301680_httpacels-cdncomS18770509150162701-s20-S1877050915016270-mainpdf_tid9bb09b86-30d9-11e5-b5f7-00000aab0f01acdnat1437614868_4e27ae3f0c753a36544803dc5c24c930,https://esajournals.onlinelibrary.wiley.com/doi/full/10.1002/ecy.1569,CO0051,NA,
Aster,acuminatus,0.44,264.1694915,4.032335744,8.910845052,-0.853625905,0.777766526,12397.94861,3.377401385,88.43055556,SC,herb,Kew_SID,Goldberg et al. (2010),The North Carolina Extension Gardener Plant Toolbox,http://data.kew.org/sid/SidServlet?ID=2558&Num=f34,https://nph.onlinelibrary.wiley.com/doi/epdf/10.1111/nph.14534,https://plants.ces.ncsu.edu/plants/aster-acuminatus/,CO0437,NA,pe
Aster,amellus,0.86,250.7312961,8.681317795,13.06343641,4.535619457,0.91324257,11592.25918,3.04923294,68.66273408,SI,herb,Kew_SID,Colin et al. (2015),Engemann et al. (2016),http://data.kew.org/sid/SidServlet?ID=2562&Num=iD3,https://www.researchgate.net/publication/280301680_httpacels-cdncomS18770509150162701-s20-S1877050915016270-mainpdf_tid9bb09b86-30d9-11e5-b5f7-00000aab0f01acdnat1437614868_4e27ae3f0c753a36544803dc5c24c930,https://esajournals.onlinelibrary.wiley.com/doi/full/10.1002/ecy.1569,CO0439,NA,
Aster,laevis,0.306,264.4801762,6.514421923,12.03895534,1.288268072,0.822603275,12887.75174,3.542407904,70.94444444,SI,herb,Kew_SID,Goldberg et al. (2010),GBIF,http://data.kew.org/sid/SidServlet?ID=2577&Num=Lq3,https://nph.onlinelibrary.wiley.com/doi/epdf/10.1111/nph.14534,https://www.gbif.org/species/5406475,CO0455,NA,pe*
Aster,puniceus,0.132,240.4857143,3.209082837,8.317488712,-1.217652902,0.740780124,11505.20588,3.893741688,72.07352941,SI,herb,Kew_SID,Goldberg et al. (2010),GBIF,http://data.kew.org/sid/SidServlet?ID=2585&Num=XDF,https://nph.onlinelibrary.wiley.com/doi/epdf/10.1111/nph.14534,https://www.gbif.org/species/8068266,CO0463,NA,
Aster,subulatus,0.07,381.4382022,17.03931945,22.60127904,11.87184608,1.476830648,15705.55833,3.107335066,109.2583333,SC,herb,Kew_SID,Goldberg et al. (2010),GBIF,http://data.kew.org/sid/SidServlet?ID=2592&Num=1zV,https://nph.onlinelibrary.wiley.com/doi/epdf/10.1111/nph.14534,https://www.gbif.org/species/5387630,CO0470,NA,pe*
Aster,tripolium,0.41,246.220104,11.05274065,14.9408181,7.373033064,1.08473898,11764.52267,4.310575182,66.28278186,SC,herb,Kew_SID,Goldberg et al. (2010),GBIF,http://data.kew.org/sid/SidServlet?ID=32157&Num=qyN,https://nph.onlinelibrary.wiley.com/doi/epdf/10.1111/nph.14534,https://www.gbif.org/species/6063362,CO0476,NA,pe
Bidens,aristosa,2.101,316.7245763,13.88524005,19.74169697,7.856541452,1.260029301,14710.20759,3.31260827,95.28720238,SI,herb,Kew_SID,Goldberg et al. (2010),Engemann et al. (2016),http://data.kew.org/sid/SidServlet?ID=2562&Num=iD3,https://www.researchgate.net/publication/280301680_httpacels-cdncomS18770509150162701-s20-S1877050915016270-mainpdf_tid9bb09b86-30d9-11e5-b5f7-00000aab0f01acdnat1437614868_4e27ae3f0c753a36544803dc5c24c930,https://esajournals.onlinelibrary.wiley.com/doi/full/10.1002/ecy.1569,CO0614,NA,
Bidens,bipinnata,2.54,476.6995448,18.87756106,24.39132376,12.69521691,1.489219385,17290.825,3.038838939,86.84761905,SC,herb,Kew_SID,Goldberg et al. (2010),Engemann et al. (2016),http://data.kew.org/sid/SidServlet?ID=2562&Num=iD3,https://www.researchgate.net/publication/280301680_httpacels-cdncomS18770509150162701-s20-S1877050915016270-mainpdf_tid9bb09b86-30d9-11e5-b5f7-00000aab0f01acdnat1437614868_4e27ae3f0c753a36544803dc5c24c930,https://esajournals.onlinelibrary.wiley.com/doi/full/10.1002/ecy.1569,CO0617,NA,
Bidens,cernua,3.33,235.7656877,7.830539498,12.1939552,3.406767669,0.888931123,11155.57525,3.722461562,64.0629561,SC,herb,Kew_SID,Goldberg et al. (2010),Engemann et al. (2016),http://data.kew.org/sid/SidServlet?ID=2562&Num=iD3,https://www.researchgate.net/publication/280301680_httpacels-cdncomS18770509150162701-s20-S1877050915016270-mainpdf_tid9bb09b86-30d9-11e5-b5f7-00000aab0f01acdnat1437614868_4e27ae3f0c753a36544803dc5c24c930,https://esajournals.onlinelibrary.wiley.com/doi/full/10.1002/ecy.1569,CO0620,NA,
Bidens,discoidea,1.4,295.2236842,10.44589019,15.74472353,4.676906917,1.057644291,13632.42188,3.436228122,91.24088542,SC,herb,Kew_SID,Goldberg et al. (2010),Engemann et al. (2016),http://data.kew.org/sid/SidServlet?ID=2562&Num=iD3,https://www.researchgate.net/publication/280301680_httpacels-cdncomS18770509150162701-s20-S1877050915016270-mainpdf_tid9bb09b86-30d9-11e5-b5f7-00000aab0f01acdnat1437614868_4e27ae3f0c753a36544803dc5c24c930,https://esajournals.onlinelibrary.wiley.com/doi/full/10.1002/ecy.1569,CO0626,NA,
Bidens,frondosa,4.9,266.4266589,9.833739514,14.50545253,5.211034713,0.986467827,12267.88956,3.628959164,71.19384442,SC,herb,Kew_SID,Goldberg et al. (2010),Engemann et al. (2016),http://data.kew.org/sid/SidServlet?ID=2562&Num=iD3,https://www.researchgate.net/publication/280301680_httpacels-cdncomS18770509150162701-s20-S1877050915016270-mainpdf_tid9bb09b86-30d9-11e5-b5f7-00000aab0f01acdnat1437614868_4e27ae3f0c753a36544803dc5c24c930,https://esajournals.onlinelibrary.wiley.com/doi/full/10.1002/ecy.1569,CO0628,NA,
Bidens,laevis,2.139,428.1398176,16.43754054,23.42622321,10.79852363,1.397006103,16419.89789,2.959978546,89.00058685,SI,herb,Kew_SID,Goldberg et al. (2010),Engemann et al. (2016),http://data.kew.org/sid/SidServlet?ID=2562&Num=iD3,https://www.researchgate.net/publication/280301680_httpacels-cdncomS18770509150162701-s20-S1877050915016270-mainpdf_tid9bb09b86-30d9-11e5-b5f7-00000aab0f01acdnat1437614868_4e27ae3f0c753a36544803dc5c24c930,https://esajournals.onlinelibrary.wiley.com/doi/full/10.1002/ecy.1569,CO0632,NA,
Bidens,odorata,1.24,423.0298103,18.21547677,25.44011264,11.25097055,1.369208822,17720.15852,2.335271502,76.43534483,SI,herb,Kew_SID,Goldberg et al. (2010),Engemann et al. (2016),http://data.kew.org/sid/SidServlet?ID=2562&Num=iD3,https://www.researchgate.net/publication/280301680_httpacels-cdncomS18770509150162701-s20-S1877050915016270-mainpdf_tid9bb09b86-30d9-11e5-b5f7-00000aab0f01acdnat1437614868_4e27ae3f0c753a36544803dc5c24c930,https://esajournals.onlinelibrary.wiley.com/doi/full/10.1002/ecy.1569,CO0634,NA,
Bidens,pilosa,2,529.4954219,19.89808315,25.20547379,14.57339256,1.735189398,17072.3478,2.76357462,107.7039982,SC,herb,Kew_SID,Goldberg et al. (2010),Engemann et al. (2016),http://data.kew.org/sid/SidServlet?ID=2562&Num=iD3,https://www.researchgate.net/publication/280301680_httpacels-cdncomS18770509150162701-s20-S1877050915016270-mainpdf_tid9bb09b86-30d9-11e5-b5f7-00000aab0f01acdnat1437614868_4e27ae3f0c753a36544803dc5c24c930,https://esajournals.onlinelibrary.wiley.com/doi/full/10.1002/ecy.1569,CO0636,NA,
Bidens,schimperi,2.1908,584.0740741,21.01782725,27.56011252,14.38524454,1.543287887,18563.10145,2.600561557,67.56884058,SC,herb,Kew_SID,Goldberg et al. (2010),GBIF,http://data.kew.org/sid/SidServlet?ID=3368&Num=b3R,https://nph.onlinelibrary.wiley.com/doi/epdf/10.1111/nph.14534,https://www.gbif.org/species/5391827,CO0639,NA,
Bidens,trichosperma,3.33896,287.28,9.111925898,14.90224423,4.068678358,1.013833012,13208.92407,3.717871264,76.37222222,SI,herb,Kew_SID,Goldberg et al. (2010),Engemann et al. (2016),http://data.kew.org/sid/SidServlet?ID=2562&Num=iD3,https://www.researchgate.net/publication/280301680_httpacels-cdncomS18770509150162701-s20-S1877050915016270-mainpdf_tid9bb09b86-30d9-11e5-b5f7-00000aab0f01acdnat1437614868_4e27ae3f0c753a36544803dc5c24c930,https://esajournals.onlinelibrary.wiley.com/doi/full/10.1002/ecy.1569,CO0641,NA,
Bidens,tripartita,2.3,232.8024967,8.401747411,12.40132869,4.353523636,0.918049442,10811.07066,3.632091525,65.29941176,SC,herb,Kew_SID,Goldberg et al. (2010),Engemann et al. (2016),http://data.kew.org/sid/SidServlet?ID=2562&Num=iD3,https://www.researchgate.net/publication/280301680_httpacels-cdncomS18770509150162701-s20-S1877050915016270-mainpdf_tid9bb09b86-30d9-11e5-b5f7-00000aab0f01acdnat1437614868_4e27ae3f0c753a36544803dc5c24c930,https://esajournals.onlinelibrary.wiley.com/doi/full/10.1002/ecy.1569,CO0642,NA,
Bidens,vulgata,7.1816,274.5512821,8.024015295,13.74679228,2.569549624,0.912222874,13297.92571,3.923143846,68.91194969,SC,herb,Kew_SID,Goldberg et al. (2010),Engemann et al. (2016),http://data.kew.org/sid/SidServlet?ID=2562&Num=iD3,https://www.researchgate.net/publication/280301680_httpacels-cdncomS18770509150162701-s20-S1877050915016270-mainpdf_tid9bb09b86-30d9-11e5-b5f7-00000aab0f01acdnat1437614868_4e27ae3f0c753a36544803dc5c24c930,https://esajournals.onlinelibrary.wiley.com/doi/full/10.1002/ecy.1569,CO0643,NA,
Carthamus,dentatus,18.0872,476.3918919,15.10730761,19.91787283,9.380534017,1.103382585,16733.7069,3.141830621,56.6091954,SC,herb,Kew_SID,McPherson et al. (2004),GBIF,http://data.kew.org/sid/SidServlet?ID=41720&Num=gkI,http://www.nrcresearchpress.com/doi/pdf/10.4141/P03-150,https://www.gbif.org/species/3138215,CO0851,NA,
Carthamus,flavescens,29.6,376,17.44756933,24.04129,9.960063,1.2388521,19897.91667,1.90775,64.25,SI,herb,Kew_SID,Imrie et al. (1971),Engemann et al. (2016),http://data.kew.org/sid/SidServlet?ID=2562&Num=iD3,https://www.researchgate.net/publication/280301680_httpacels-cdncomS18770509150162701-s20-S1877050915016270-mainpdf_tid9bb09b86-30d9-11e5-b5f7-00000aab0f01acdnat1437614868_4e27ae3f0c753a36544803dc5c24c930,https://esajournals.onlinelibrary.wiley.com/doi/full/10.1002/ecy.1569,CO0852,NA,
Carthamus,lanatus,11,499.0093184,14.78100258,20.3826176,9.287211993,1.087188536,16295.27138,3.403262214,49.93184022,SC,herb,Kew_SID,Goldberg et al. (2010),Engemann et al. (2016),http://data.kew.org/sid/SidServlet?ID=2562&Num=iD3,https://www.researchgate.net/publication/280301680_httpacels-cdncomS18770509150162701-s20-S1877050915016270-mainpdf_tid9bb09b86-30d9-11e5-b5f7-00000aab0f01acdnat1437614868_4e27ae3f0c753a36544803dc5c24c930,https://esajournals.onlinelibrary.wiley.com/doi/full/10.1002/ecy.1569,CO0855,NA,
Carthamus,nitidus,16.3,350.7555556,20.14231289,26.79814109,14.25027146,1.267201267,19368.85145,2.713266322,17.56521739,SC,herb,Kew_SID,Goldberg et al. (2010),GBIF,http://data.kew.org/sid/SidServlet?ID=4789&Num=bI5,https://nph.onlinelibrary.wiley.com/doi/epdf/10.1111/nph.14534,https://www.gbif.org/species/3138360,CO0856,NA,
Carthamus,persicus,14.218,354.4285714,19.67304314,26.194142,12.61506238,1.07103175,19704.625,2.959724,8.854166667,SI,herb,Kew_SID,Goldberg et al. (2010),GBIF,http://data.kew.org/sid/SidServlet?ID=4791&Num=6kI,https://nph.onlinelibrary.wiley.com/doi/epdf/10.1111/nph.14534,https://www.gbif.org/species/3138225,CO0859,NA,
Carthamus,tenuis,14.13,346.6707317,19.33939474,24.68777851,13.39208666,1.351438715,18892.09109,2.933065119,37.23062016,SC,herb,Kew_SID,Goldberg et al. (2010),GBIF,http://data.kew.org/sid/SidServlet?ID=41721&Num=7LL,https://nph.onlinelibrary.wiley.com/doi/epdf/10.1111/nph.14534,https://www.gbif.org/species/3138255,CO0860,NA,
Carthamus,turkestanicus,28.65,311.25,11.99393969,16.65492017,4.726406267,0.765424645,16292.40278,2.04844795,24.58333333,SC,herb,Kew_SID,Goldberg et al. (2010),GBIF,http://data.kew.org/sid/SidServlet?ID=54527&Num=3B4,https://nph.onlinelibrary.wiley.com/doi/epdf/10.1111/nph.14534,https://www.gbif.org/species/3138305,CO0863,NA,
Crepis,capillaris,0.24,298.3256915,10.05760432,14.15147909,5.890499647,0.976827735,11835.43699,3.938205514,75.6700285,SI,herb,Kew_SID,Goldberg et al. (2010),Engemann et al. (2016),http://data.kew.org/sid/SidServlet?ID=2562&Num=iD3,https://www.researchgate.net/publication/280301680_httpacels-cdncomS18770509150162701-s20-S1877050915016270-mainpdf_tid9bb09b86-30d9-11e5-b5f7-00000aab0f01acdnat1437614868_4e27ae3f0c753a36544803dc5c24c930,https://esajournals.onlinelibrary.wiley.com/doi/full/10.1002/ecy.1569,CO1476,NA,
Crepis,foetida,0.41,295.2929721,11.70224776,16.39513883,7.190200238,1.028041143,13671.56592,3.432670788,60.96700275,SI,herb,Kew_SID,Goldberg et al. (2010),Engemann et al. (2016),http://data.kew.org/sid/SidServlet?ID=2562&Num=iD3,https://www.researchgate.net/publication/280301680_httpacels-cdncomS18770509150162701-s20-S1877050915016270-mainpdf_tid9bb09b86-30d9-11e5-b5f7-00000aab0f01acdnat1437614868_4e27ae3f0c753a36544803dc5c24c930,https://esajournals.onlinelibrary.wiley.com/doi/full/10.1002/ecy.1569,CO1481,NA,
Crepis,paludosa,0.66,196.1063918,5.44465773,9.135660591,1.724179688,0.771969765,9541.863072,3.655162207,75.39482999,SI,herb,Kew_SID,Goldberg et al. (2010),Engemann et al. (2016),http://data.kew.org/sid/SidServlet?ID=2562&Num=iD3,https://www.researchgate.net/publication/280301680_httpacels-cdncomS18770509150162701-s20-S1877050915016270-mainpdf_tid9bb09b86-30d9-11e5-b5f7-00000aab0f01acdnat1437614868_4e27ae3f0c753a36544803dc5c24c930,https://esajournals.onlinelibrary.wiley.com/doi/full/10.1002/ecy.1569,CO1498,NA,
Crepis,sancta,0.1522,279.7960526,12.24924252,16.92978342,7.579856096,1.060917221,13824.00427,3.376958493,59.15540245,SC,herb,Kew_SID,Goldberg et al. (2010),Engemann et al. (2016),http://data.kew.org/sid/SidServlet?ID=2562&Num=iD3,https://www.researchgate.net/publication/280301680_httpacels-cdncomS18770509150162701-s20-S1877050915016270-mainpdf_tid9bb09b86-30d9-11e5-b5f7-00000aab0f01acdnat1437614868_4e27ae3f0c753a36544803dc5c24c930,https://esajournals.onlinelibrary.wiley.com/doi/full/10.1002/ecy.1569,CO1507,NA,
Crepis,tectorum,0.2688,196.7378512,5.258165077,9.209984912,1.358920054,0.779496372,9718.601939,3.538002504,58.34843537,SC,herb,Kew_SID,Goldberg et al. (2010),Engemann et al. (2016),http://data.kew.org/sid/SidServlet?ID=2562&Num=iD3,https://www.researchgate.net/publication/280301680_httpacels-cdncomS18770509150162701-s20-S1877050915016270-mainpdf_tid9bb09b86-30d9-11e5-b5f7-00000aab0f01acdnat1437614868_4e27ae3f0c753a36544803dc5c24c930,https://esajournals.onlinelibrary.wiley.com/doi/full/10.1002/ecy.1569,CO1512,NA,
Flaveria,anomala,0.2493,396.3898305,18.67333724,26.83024894,10.58995109,1.29882002,17534.69892,2.980373229,36.61290323,SI,herb,Kew_SID,Goldberg et al. (2010),GBIF,http://data.kew.org/sid/SidServlet?ID=41871&Num=Kr2,https://nph.onlinelibrary.wiley.com/doi/epdf/10.1111/nph.14534,https://www.gbif.org/species/3086831,CO1958,NA,
Flaveria,bidentis,0.21,660.1762712,18.19820585,25.00725335,11.50119161,1.367388488,17889.63238,2.922621137,56.04219409,SC,herb,Kew_SID,Goldberg et al. (2010),Engemann et al. (2016),http://data.kew.org/sid/SidServlet?ID=2562&Num=iD3,https://www.researchgate.net/publication/280301680_httpacels-cdncomS18770509150162701-s20-S1877050915016270-mainpdf_tid9bb09b86-30d9-11e5-b5f7-00000aab0f01acdnat1437614868_4e27ae3f0c753a36544803dc5c24c930,https://esajournals.onlinelibrary.wiley.com/doi/full/10.1002/ecy.1569,CO1959,NA,
Flaveria,cronquistii,0.094,426,19.77026043,28.710131,14.04854867,1.555722167,16530.16667,1.910694433,61.77777778,SI,herb,Kew_SID,Goldberg et al. (2010),Engemann et al. (2016),http://data.kew.org/sid/SidServlet?ID=2562&Num=iD3,https://www.researchgate.net/publication/280301680_httpacels-cdncomS18770509150162701-s20-S1877050915016270-mainpdf_tid9bb09b86-30d9-11e5-b5f7-00000aab0f01acdnat1437614868_4e27ae3f0c753a36544803dc5c24c930,https://esajournals.onlinelibrary.wiley.com/doi/full/10.1002/ecy.1569,CO1960,NA,
Flaveria,pringlei,0.125,430.3478261,20.8732795,27.66999755,13.41385794,1.449343114,17433.41667,1.88194025,65.93560606,SI,herb,Kew_SID,Goldberg et al. (2010),GBIF,http://data.kew.org/sid/SidServlet?ID=10445&Num=oP0,https://nph.onlinelibrary.wiley.com/doi/epdf/10.1111/nph.14534,https://www.gbif.org/species/3086832,CO1961,NA,
Flaveria,ramosissima,0.085,429.9230769,20.27745415,28.34899617,14.02905208,1.496206883,16716.36111,1.892434,58.04166667,SI,herb,Kew_SID,Goldberg et al. (2010),GBIF,http://data.kew.org/sid/SidServlet?ID=32574&Num=qh0,https://nph.onlinelibrary.wiley.com/doi/epdf/10.1111/nph.14534,https://www.gbif.org/species/3086853,CO1962,NA,
Flaveria,trinervia,0.5,563.2284024,22.660215,29.73012538,15.53074259,1.442599506,19987.67999,2.85339103,50.95685279,SC,herb,Kew_SID,Goldberg et al. (2010),Engemann et al. (2016),http://data.kew.org/sid/SidServlet?ID=2562&Num=iD3,https://www.researchgate.net/publication/280301680_httpacels-cdncomS18770509150162701-s20-S1877050915016270-mainpdf_tid9bb09b86-30d9-11e5-b5f7-00000aab0f01acdnat1437614868_4e27ae3f0c753a36544803dc5c24c930,https://esajournals.onlinelibrary.wiley.com/doi/full/10.1002/ecy.1569,CO1963,NA,
Hypochaeris,arenaria,0.867,801.5294118,6.464618494,10.78287794,2.344877614,0.664898719,12170.42708,5.4845391,89.34375,SC,herb,Kew_SID,Goldberg et al. (2010),GBIF,http://data.kew.org/sid/SidServlet?ID=47386&Num=4FC,https://nph.onlinelibrary.wiley.com/doi/epdf/10.1111/nph.14534,https://www.gbif.org/species/3093818,CO2664,NA,
Hypochaeris,glabra,0.68,476.6392582,13.44558401,18.47162464,8.428301558,1.067883498,14874.1306,3.684187052,57.14549613,SC,herb,Kew_SID,Goldberg et al. (2010),Engemann et al. (2016),http://data.kew.org/sid/SidServlet?ID=2562&Num=iD3,https://www.researchgate.net/publication/280301680_httpacels-cdncomS18770509150162701-s20-S1877050915016270-mainpdf_tid9bb09b86-30d9-11e5-b5f7-00000aab0f01acdnat1437614868_4e27ae3f0c753a36544803dc5c24c930,https://esajournals.onlinelibrary.wiley.com/doi/full/10.1002/ecy.1569,CO2668,NA,
Hypochaeris,maculata,1.45,206.744599,6.147777858,10.02129273,2.16377554,0.793824634,10311.70559,3.440980935,65.06500211,SI,herb,Kew_SID,Goldberg et al. (2010),Engemann et al. (2016),http://data.kew.org/sid/SidServlet?ID=2562&Num=iD3,https://www.researchgate.net/publication/280301680_httpacels-cdncomS18770509150162701-s20-S1877050915016270-mainpdf_tid9bb09b86-30d9-11e5-b5f7-00000aab0f01acdnat1437614868_4e27ae3f0c753a36544803dc5c24c930,https://esajournals.onlinelibrary.wiley.com/doi/full/10.1002/ecy.1569,CO2669,NA,
Hypochaeris,radicata,0.8,382.7224774,11.07237631,15.50959372,6.745203768,1.018674454,12868.43821,3.89487701,78.87882947,SI,herb,Kew_SID,Goldberg et al. (2010),Engemann et al. (2016),http://data.kew.org/sid/SidServlet?ID=2562&Num=iD3,https://www.researchgate.net/publication/280301680_httpacels-cdncomS18770509150162701-s20-S1877050915016270-mainpdf_tid9bb09b86-30d9-11e5-b5f7-00000aab0f01acdnat1437614868_4e27ae3f0c753a36544803dc5c24c930,https://esajournals.onlinelibrary.wiley.com/doi/full/10.1002/ecy.1569,CO2671,NA,
Hypochaeris,salzmanniana,0.7128,325.4375,17.08051644,21.5674055,13.28311225,1.427470738,17444.98958,3.531701813,58.94791667,SC,herb,Kew_SID,Goldberg et al. (2010),GBIF,http://data.kew.org/sid/SidServlet?ID=33722&Num=96H,https://nph.onlinelibrary.wiley.com/doi/epdf/10.1111/nph.14534,https://www.gbif.org/species/3093690,CO2673,NA,
Layia,carnosa,0.884,302.6666667,11.92731922,16.82831417,6.10694795,0.970720017,15306.41667,3.752463767,94.52777778,SC,herb,Kew_SID,Goldberg et al. (2010),Engemann et al. (2016),http://data.kew.org/sid/SidServlet?ID=2562&Num=iD3,https://www.researchgate.net/publication/280301680_httpacels-cdncomS18770509150162701-s20-S1877050915016270-mainpdf_tid9bb09b86-30d9-11e5-b5f7-00000aab0f01acdnat1437614868_4e27ae3f0c753a36544803dc5c24c930,https://esajournals.onlinelibrary.wiley.com/doi/full/10.1002/ecy.1569,CO2874,NA,
Layia,chrysanthemoides,0.743,307.5,13.7332025,21.60906189,7.035504,1.011195819,16538.00926,3.097288467,69.12962963,SI,herb,Kew_SID,Goldberg et al. (2010),Engemann et al. (2016),http://data.kew.org/sid/SidServlet?ID=2562&Num=iD3,https://www.researchgate.net/publication/280301680_httpacels-cdncomS18770509150162701-s20-S1877050915016270-mainpdf_tid9bb09b86-30d9-11e5-b5f7-00000aab0f01acdnat1437614868_4e27ae3f0c753a36544803dc5c24c930,https://esajournals.onlinelibrary.wiley.com/doi/full/10.1002/ecy.1569,CO2875,NA,
Layia,glandulosa,0.72,313.0958231,12.70924368,20.08031961,4.584764629,0.66725446,17572.72542,3.347456253,27.96708333,SI,herb,Kew_SID,Goldberg et al. (2010),Engemann et al. (2016),http://data.kew.org/sid/SidServlet?ID=2562&Num=iD3,https://www.researchgate.net/publication/280301680_httpacels-cdncomS18770509150162701-s20-S1877050915016270-mainpdf_tid9bb09b86-30d9-11e5-b5f7-00000aab0f01acdnat1437614868_4e27ae3f0c753a36544803dc5c24c930,https://esajournals.onlinelibrary.wiley.com/doi/full/10.1002/ecy.1569,CO2877,NA,
Layia,heterotricha,0.388,327.8076923,13.97866748,21.99957506,5.452496224,0.817187744,18160.96569,3.1576422,38.61764706,SC,herb,Kew_SID,Goldberg et al. (2010),Engemann et al. (2016),http://data.kew.org/sid/SidServlet?ID=2562&Num=iD3,https://www.researchgate.net/publication/280301680_httpacels-cdncomS18770509150162701-s20-S1877050915016270-mainpdf_tid9bb09b86-30d9-11e5-b5f7-00000aab0f01acdnat1437614868_4e27ae3f0c753a36544803dc5c24c930,https://esajournals.onlinelibrary.wiley.com/doi/full/10.1002/ecy.1569,CO2878,NA,
Layia,platyglossa,0.727,326.4292683,15.37242517,21.88864502,8.312523573,1.06694903,17305.2071,3.320852971,43.01980198,SI,herb,Kew_SID,Goldberg et al. (2010),Engemann et al. (2016),http://data.kew.org/sid/SidServlet?ID=2562&Num=iD3,https://www.researchgate.net/publication/280301680_httpacels-cdncomS18770509150162701-s20-S1877050915016270-mainpdf_tid9bb09b86-30d9-11e5-b5f7-00000aab0f01acdnat1437614868_4e27ae3f0c753a36544803dc5c24c930,https://esajournals.onlinelibrary.wiley.com/doi/full/10.1002/ecy.1569,CO2879,NA,
Madia,elegans,6.773,305.0049261,12.21789946,18.89161827,5.373430811,0.825543212,16473.22093,3.217830999,74.49224806,SI,herb,Kew_SID,Goldberg et al. (2010),Engemann et al. (2016),http://data.kew.org/sid/SidServlet?ID=2562&Num=iD3,https://www.researchgate.net/publication/280301680_httpacels-cdncomS18770509150162701-s20-S1877050915016270-mainpdf_tid9bb09b86-30d9-11e5-b5f7-00000aab0f01acdnat1437614868_4e27ae3f0c753a36544803dc5c24c930,https://esajournals.onlinelibrary.wiley.com/doi/full/10.1002/ecy.1569,CO3028,NA,
Madia,exigua,0.589,283.6278027,10.16298684,15.85831325,4.304739583,0.819322442,14539.55582,3.11405324,75.98191824,SC,herb,Kew_SID,Goldberg et al. (2010),Engemann et al. (2016),http://data.kew.org/sid/SidServlet?ID=2562&Num=iD3,https://www.researchgate.net/publication/280301680_httpacels-cdncomS18770509150162701-s20-S1877050915016270-mainpdf_tid9bb09b86-30d9-11e5-b5f7-00000aab0f01acdnat1437614868_4e27ae3f0c753a36544803dc5c24c930,https://esajournals.onlinelibrary.wiley.com/doi/full/10.1002/ecy.1569,CO3031,NA,
Madia,glomerata,1.908,277.6348684,6.308503651,12.68806781,0.343897265,0.634707419,14598.19104,3.303668096,63.35714286,SC,herb,Kew_SID,Goldberg et al. (2010),Engemann et al. (2016),http://data.kew.org/sid/SidServlet?ID=2562&Num=iD3,https://www.researchgate.net/publication/280301680_httpacels-cdncomS18770509150162701-s20-S1877050915016270-mainpdf_tid9bb09b86-30d9-11e5-b5f7-00000aab0f01acdnat1437614868_4e27ae3f0c753a36544803dc5c24c930,https://esajournals.onlinelibrary.wiley.com/doi/full/10.1002/ecy.1569,CO3032,NA,
Madia,gracilis,1.9,287.992,10.08515018,15.9830688,3.584878303,0.751280486,15216.69715,3.19928996,66.54623984,SC,herb,Kew_SID,Goldberg et al. (2010),Engemann et al. (2016),http://data.kew.org/sid/SidServlet?ID=2562&Num=iD3,https://www.researchgate.net/publication/280301680_httpacels-cdncomS18770509150162701-s20-S1877050915016270-mainpdf_tid9bb09b86-30d9-11e5-b5f7-00000aab0f01acdnat1437614868_4e27ae3f0c753a36544803dc5c24c930,https://esajournals.onlinelibrary.wiley.com/doi/full/10.1002/ecy.1569,CO3033,NA,
Madia,radiata,0.549,323.1818182,15.29438673,23.6048445,5.885937,0.918179155,18082.875,2.8924377,38.375,SI,herb,Kew_SID,Goldberg et al. (2010),Engemann et al. (2016),http://data.kew.org/sid/SidServlet?ID=2562&Num=iD3,https://www.researchgate.net/publication/280301680_httpacels-cdncomS18770509150162701-s20-S1877050915016270-mainpdf_tid9bb09b86-30d9-11e5-b5f7-00000aab0f01acdnat1437614868_4e27ae3f0c753a36544803dc5c24c930,https://esajournals.onlinelibrary.wiley.com/doi/full/10.1002/ecy.1569,CO3036,NA,
Madia,sativa,3.1,436.3415638,11.43726921,16.98527007,5.902418358,0.94419964,14885.66146,3.654440748,74.62434896,SC,herb,Kew_SID,Goldberg et al. (2010),Engemann et al. (2016),http://data.kew.org/sid/SidServlet?ID=2562&Num=iD3,https://www.researchgate.net/publication/280301680_httpacels-cdncomS18770509150162701-s20-S1877050915016270-mainpdf_tid9bb09b86-30d9-11e5-b5f7-00000aab0f01acdnat1437614868_4e27ae3f0c753a36544803dc5c24c930,https://esajournals.onlinelibrary.wiley.com/doi/full/10.1002/ecy.1569,CO3037,NA,
Microseris,acuminata,1.8,301,14.15814839,18.598556,4.332083433,0.834545887,14811.72222,2.955534767,59.27777778,SC,herb,Kew_SID,Goldberg et al. (2010),Engemann et al. (2016),http://data.kew.org/sid/SidServlet?ID=2562&Num=iD3,https://www.researchgate.net/publication/280301680_httpacels-cdncomS18770509150162701-s20-S1877050915016270-mainpdf_tid9bb09b86-30d9-11e5-b5f7-00000aab0f01acdnat1437614868_4e27ae3f0c753a36544803dc5c24c930,https://esajournals.onlinelibrary.wiley.com/doi/full/10.1002/ecy.1569,CO3089,NA,
Microseris,bigelovii,1.695,286.0434783,11.77790774,16.58307885,7.107612885,1.043189,14160.08333,3.807030262,99.6025641,SC,herb,Kew_SID,Goldberg et al. (2010),Engemann et al. (2016),http://data.kew.org/sid/SidServlet?ID=2562&Num=iD3,https://www.researchgate.net/publication/280301680_httpacels-cdncomS18770509150162701-s20-S1877050915016270-mainpdf_tid9bb09b86-30d9-11e5-b5f7-00000aab0f01acdnat1437614868_4e27ae3f0c753a36544803dc5c24c930,https://esajournals.onlinelibrary.wiley.com/doi/full/10.1002/ecy.1569,CO3090,NA,
Microseris,borealis,1.61,222.53125,6.436985194,9.767662767,3.344977075,0.805734681,10007.65657,4.281498176,219.4469697,SI,herb,Kew_SID,Goldberg et al. (2010),Engemann et al. (2016),http://data.kew.org/sid/SidServlet?ID=2562&Num=iD3,https://www.researchgate.net/publication/280301680_httpacels-cdncomS18770509150162701-s20-S1877050915016270-mainpdf_tid9bb09b86-30d9-11e5-b5f7-00000aab0f01acdnat1437614868_4e27ae3f0c753a36544803dc5c24c930,https://esajournals.onlinelibrary.wiley.com/doi/full/10.1002/ecy.1569,CO3091,NA,
Microseris,campestris,1.275,324.5,16.07524,24.7857175,7.295188,0.9385396,17872.875,2.91393745,35.79166667,SC,herb,Kew_SID,Goldberg et al. (2010),Engemann et al. (2016),http://data.kew.org/sid/SidServlet?ID=2562&Num=iD3,https://www.researchgate.net/publication/280301680_httpacels-cdncomS18770509150162701-s20-S1877050915016270-mainpdf_tid9bb09b86-30d9-11e5-b5f7-00000aab0f01acdnat1437614868_4e27ae3f0c753a36544803dc5c24c930,https://esajournals.onlinelibrary.wiley.com/doi/full/10.1002/ecy.1569,CO3092,NA,
Microseris,douglasii,1.936,326.4675325,15.62899316,22.81397505,8.544588763,1.080497731,17440.2378,3.1505752,42.50609756,SC,herb,Kew_SID,Goldberg et al. (2010),Engemann et al. (2016),http://data.kew.org/sid/SidServlet?ID=2562&Num=iD3,https://www.researchgate.net/publication/280301680_httpacels-cdncomS18770509150162701-s20-S1877050915016270-mainpdf_tid9bb09b86-30d9-11e5-b5f7-00000aab0f01acdnat1437614868_4e27ae3f0c753a36544803dc5c24c930,https://esajournals.onlinelibrary.wiley.com/doi/full/10.1002/ecy.1569,CO3093,NA,
Microseris,elegans,1.086,330.375,15.47608806,22.5775926,7.52640945,1.03537987,17870.21667,3.1379865,35.05,SC,herb,Kew_SID,Goldberg et al. (2010),Engemann et al. (2016),http://data.kew.org/sid/SidServlet?ID=2562&Num=iD3,https://www.researchgate.net/publication/280301680_httpacels-cdncomS18770509150162701-s20-S1877050915016270-mainpdf_tid9bb09b86-30d9-11e5-b5f7-00000aab0f01acdnat1437614868_4e27ae3f0c753a36544803dc5c24c930,https://esajournals.onlinelibrary.wiley.com/doi/full/10.1002/ecy.1569,CO3095,NA,
Microseris,heterocarpa,0.61,345.75,17.01521744,25.59127,9.495417,1.0647688,18660,2.521958,26.25,SC,herb,Kew_SID,Goldberg et al. (2010),Engemann et al. (2016),http://data.kew.org/sid/SidServlet?ID=2562&Num=iD3,https://www.researchgate.net/publication/280301680_httpacels-cdncomS18770509150162701-s20-S1877050915016270-mainpdf_tid9bb09b86-30d9-11e5-b5f7-00000aab0f01acdnat1437614868_4e27ae3f0c753a36544803dc5c24c930,https://esajournals.onlinelibrary.wiley.com/doi/full/10.1002/ecy.1569,CO3096,NA,
Microseris,laciniata,1.432,279.925,9.647536536,15.61633394,3.51035965,0.799605345,14155.77236,3.137795088,97.65243902,SI,herb,Kew_SID,Goldberg et al. (2010),Engemann et al. (2016),http://data.kew.org/sid/SidServlet?ID=2562&Num=iD3,https://www.researchgate.net/publication/280301680_httpacels-cdncomS18770509150162701-s20-S1877050915016270-mainpdf_tid9bb09b86-30d9-11e5-b5f7-00000aab0f01acdnat1437614868_4e27ae3f0c753a36544803dc5c24c930,https://esajournals.onlinelibrary.wiley.com/doi/full/10.1002/ecy.1569,CO3097,NA,
Microseris,lanceolata,2.08,752.5082873,14.26165469,19.75855737,8.676466505,1.034028523,16930.99591,3.871448541,55.01039536,SI,herb,Kew_SID,VIJVERBERG et al. (1999),Engemann et al. (2016),http://data.kew.org/sid/SidServlet?ID=2562&Num=iD3,https://www.researchgate.net/publication/280301680_httpacels-cdncomS18770509150162701-s20-S1877050915016270-mainpdf_tid9bb09b86-30d9-11e5-b5f7-00000aab0f01acdnat1437614868_4e27ae3f0c753a36544803dc5c24c930,https://esajournals.onlinelibrary.wiley.com/doi/full/10.1002/ecy.1569,CO3099,NA,
Microseris,sylvatica,3.782,325.125,14.98401038,24.371416,8.796979,0.82317907,18303.75,3.277271,38.08333333,SI,herb,Kew_SID,Goldberg et al. (2010),Engemann et al. (2016),http://data.kew.org/sid/SidServlet?ID=2562&Num=iD3,https://www.researchgate.net/publication/280301680_httpacels-cdncomS18770509150162701-s20-S1877050915016270-mainpdf_tid9bb09b86-30d9-11e5-b5f7-00000aab0f01acdnat1437614868_4e27ae3f0c753a36544803dc5c24c930,https://esajournals.onlinelibrary.wiley.com/doi/full/10.1002/ecy.1569,CO3102,NA,
Senecio,amygdalifolius,1.5524,720.4314721,16.94547583,22.12093827,11.56524369,1.37956097,17520.92177,3.103630385,100.4362245,SI,herb,Kew_SID,Goldberg et al. (2010),GBIF,http://data.kew.org/sid/SidServlet?ID=59941&Num=Kna,https://nph.onlinelibrary.wiley.com/doi/epdf/10.1111/nph.14534,https://www.gbif.org/species/3108283,CO3862,NA,
Senecio,anethifolius,0.5576,734.9074074,17.08137521,23.07446865,10.85909741,0.913796627,18907.01634,3.898210631,29.1127451,SI,herb,Kew_SID,Goldberg et al. (2010),GBIF,http://data.kew.org/sid/SidServlet?ID=42115&Num=64X,https://nph.onlinelibrary.wiley.com/doi/epdf/10.1111/nph.14534,https://www.gbif.org/species/8257024,CO3863,NA,
Senecio,biserratus,0.202,765.3186528,13.3186671,17.515927,8.703875695,1.114668484,15408.93281,4.763344753,84.54144852,SC,herb,Kew_SID,Goldberg et al. (2010),GBIF,http://data.kew.org/sid/SidServlet?ID=36540&Num=Peb,https://nph.onlinelibrary.wiley.com/doi/epdf/10.1111/nph.14534,https://www.gbif.org/species/3108315,CO3888,NA,
Senecio,cruentus,0.19,346.5833333,12.21433143,16.1465026,6.95499572,1.01370818,14352.66667,3.3868658,70,SI,herb,Kew_SID,Goldberg et al. (2010),Engemann et al. (2016),http://data.kew.org/sid/SidServlet?ID=2562&Num=iD3,https://www.researchgate.net/publication/280301680_httpacels-cdncomS18770509150162701-s20-S1877050915016270-mainpdf_tid9bb09b86-30d9-11e5-b5f7-00000aab0f01acdnat1437614868_4e27ae3f0c753a36544803dc5c24c930,https://esajournals.onlinelibrary.wiley.com/doi/full/10.1002/ecy.1569,CO3913,NA,
Senecio,eboracensis,0.26,216,8.677209,12.125583,5.2286043,0.9259813,9253.25,4.659229,81.5,SC,herb,Kew_SID,Goldberg et al. (2010),GBIF,http://data.kew.org/sid/SidServlet?ID=47656&Num=KDn,https://nph.onlinelibrary.wiley.com/doi/epdf/10.1111/nph.14534,https://www.gbif.org/species/4236395,CO3922,NA,
Senecio,gawlerensis,0.48784,734.3617021,17.58675791,23.79408586,11.1749653,0.986262512,19439.78409,3.893595073,24.0719697,SI,herb,Kew_SID,Goldberg et al. (2010),GBIF,http://data.kew.org/sid/SidServlet?ID=42129&Num=tH8,https://nph.onlinelibrary.wiley.com/doi/epdf/10.1111/nph.14534,https://www.gbif.org/species/3107189,CO3944,NA,
Senecio,glomeratus,0.118,747.8122066,13.66184384,18.22447643,9.053633934,1.127831726,15694.59037,4.589407624,76.66296296,SC,herb,Kew_SID,Goldberg et al. (2010),GBIF,http://data.kew.org/sid/SidServlet?ID=36544&Num=pFj,https://nph.onlinelibrary.wiley.com/doi/epdf/10.1111/nph.14534,https://www.gbif.org/species/8172001,CO3952,NA,
Senecio,glossanthus,0.409,734.0167761,17.93555907,24.22976933,11.47317544,1.033012728,18907.84746,3.71573509,26.90914982,SC,herb,Kew_SID,Goldberg et al. (2010),Engemann et al. (2016),http://data.kew.org/sid/SidServlet?ID=2562&Num=iD3,https://www.researchgate.net/publication/280301680_httpacels-cdncomS18770509150162701-s20-S1877050915016270-mainpdf_tid9bb09b86-30d9-11e5-b5f7-00000aab0f01acdnat1437614868_4e27ae3f0c753a36544803dc5c24c930,https://esajournals.onlinelibrary.wiley.com/doi/full/10.1002/ecy.1569,CO3954,NA,
Senecio,gregorii,3.178,711.8333333,20.48735467,29.0439475,13.312729,0.86103748,21479.375,3.9037293,19.66666667,SI,herb,Kew_SID,Goldberg et al. (2010),GBIF,http://data.kew.org/sid/SidServlet?ID=20971&Num=56D,https://nph.onlinelibrary.wiley.com/doi/epdf/10.1111/nph.14534,https://www.gbif.org/species/7724164,CO3956,NA,
Senecio,gunnii,0.253,763.9302326,10.07097794,14.53757457,5.201300068,0.896122335,15641.94589,4.143434701,94.4047619,SC,herb,Kew_SID,Goldberg et al. (2010),GBIF,http://data.kew.org/sid/SidServlet?ID=36556&Num=ph2,https://nph.onlinelibrary.wiley.com/doi/epdf/10.1111/nph.14534,https://www.gbif.org/species/3108480,CO3957,NA,
Senecio,hercynicus,1.0974,248.3571429,6.889863176,10.73696302,2.933301556,0.824864861,11258.16875,3.375623011,87.14583333,SC,herb,Kew_SID,Goldberg et al. (2010),GBIF,http://data.kew.org/sid/SidServlet?ID=47671&Num=xBm,https://nph.onlinelibrary.wiley.com/doi/epdf/10.1111/nph.14534,https://www.gbif.org/species/3107060,CO3967,NA,
Senecio,hispidulus,0.3122,764.0769231,14.19682629,17.76028919,10.3368347,1.272017361,14918.41422,5.024424044,128.5686275,SC,herb,Kew_SID,Goldberg et al. (2010),GBIF,http://data.kew.org/sid/SidServlet?ID=36499&Num=pg2,https://nph.onlinelibrary.wiley.com/doi/epdf/10.1111/nph.14534,https://www.gbif.org/species/8089400,CO3970,NA,
Senecio,hypoleucus,0.3992,756.0357143,14.57814855,19.16891017,9.488723708,1.060661189,16779.47917,4.536205708,58.52777778,SI,herb,Kew_SID,Goldberg et al. (2010),GBIF,http://data.kew.org/sid/SidServlet?ID=36500&Num=pfW,https://nph.onlinelibrary.wiley.com/doi/epdf/10.1111/nph.14534,https://www.gbif.org/species/8069581,CO3972,NA,
Senecio,inaequidens,0.2572,267.8911677,10.09378987,14.18422904,5.869253051,0.98668682,11501.80024,3.693869996,67.31235711,SI,Shrub,Kew_SID,Goldberg et al. (2010),Engemann et al. (2016),http://data.kew.org/sid/SidServlet?ID=2562&Num=iD3,https://www.researchgate.net/publication/280301680_httpacels-cdncomS18770509150162701-s20-S1877050915016270-mainpdf_tid9bb09b86-30d9-11e5-b5f7-00000aab0f01acdnat1437614868_4e27ae3f0c753a36544803dc5c24c930,https://esajournals.onlinelibrary.wiley.com/doi/full/10.1002/ecy.1569,CO3974,NA,
Senecio,leucanthemifolius,0.2252,226.5793164,9.250963822,13.04181025,5.696395004,0.978831994,11268.14049,4.232391393,55.82996146,SI,herb,Kew_SID,Goldberg et al. (2010),GBIF,http://data.kew.org/sid/SidServlet?ID=47674&Num=862,https://nph.onlinelibrary.wiley.com/doi/epdf/10.1111/nph.14534,https://www.gbif.org/species/7624085,CO3988,NA,
Senecio,linearifolius,0.2468,754.1993865,13.42399479,18.32399696,8.518637259,1.099343659,16198.57679,3.800849647,80.17463026,SI,herb,Kew_SID,Goldberg et al. (2010),GBIF,http://data.kew.org/sid/SidServlet?ID=47676&Num=Ui3,https://nph.onlinelibrary.wiley.com/doi/epdf/10.1111/nph.14534,https://www.gbif.org/species/3108807,CO3990,NA,
Senecio,madagascariensis,0.251,698.2571429,17.15824864,22.52121889,11.79880494,1.42060942,17184.09887,3.238089728,89.58873874,SI,herb,Kew_SID,Goldberg et al. (2010),Engemann et al. (2016),http://data.kew.org/sid/SidServlet?ID=2562&Num=iD3,https://www.researchgate.net/publication/280301680_httpacels-cdncomS18770509150162701-s20-S1877050915016270-mainpdf_tid9bb09b86-30d9-11e5-b5f7-00000aab0f01acdnat1437614868_4e27ae3f0c753a36544803dc5c24c930,https://esajournals.onlinelibrary.wiley.com/doi/full/10.1002/ecy.1569,CO4001,NA,
Senecio,magnificus,2.8,708.3899083,20.13948747,27.11041178,13.43230566,0.904941885,20845.64471,3.627552205,22.56317204,SI,herb,Kew_SID,Goldberg et al. (2010),GBIF,http://data.kew.org/sid/SidServlet?ID=20995&Num=Fhg,https://nph.onlinelibrary.wiley.com/doi/epdf/10.1111/nph.14534,https://www.gbif.org/species/3108557,CO4002,NA,
Senecio,minimus,0.1524,740.5421456,13.10493873,17.76862174,8.536409094,1.110893255,15569.52594,4.311314553,96.81840796,SC,herb,Kew_SID,Goldberg et al. (2010),GBIF,http://data.kew.org/sid/SidServlet?ID=36511&Num=0o1,https://nph.onlinelibrary.wiley.com/doi/epdf/10.1111/nph.14534,https://www.gbif.org/species/3108199,CO4009,NA,
Senecio,odoratus,0.329,761.8512397,14.35341257,18.66650853,9.819152252,1.12274469,16158.07547,5.018455426,59.99842767,SI,herb,Kew_SID,Goldberg et al. (2010),GBIF,http://data.kew.org/sid/SidServlet?ID=42135&Num=fFH,https://nph.onlinelibrary.wiley.com/doi/epdf/10.1111/nph.14534,https://www.gbif.org/species/7614994,CO4016,NA,
Senecio,ovatus,0.938,245.6208406,8.387702127,12.38194821,4.320024724,0.895032562,11185.98992,3.301348884,74.96325829,SC,herb,Kew_SID,Goldberg et al. (2010),Engemann et al. (2016),http://data.kew.org/sid/SidServlet?ID=2562&Num=iD3,https://www.researchgate.net/publication/280301680_httpacels-cdncomS18770509150162701-s20-S1877050915016270-mainpdf_tid9bb09b86-30d9-11e5-b5f7-00000aab0f01acdnat1437614868_4e27ae3f0c753a36544803dc5c24c930,https://esajournals.onlinelibrary.wiley.com/doi/full/10.1002/ecy.1569,CO4022,NA,
Senecio,pectinatus,1.2772,751.3333333,9.274803194,13.1926386,4.56130057,0.861185326,14892.225,4.8275792,111.125,SI,herb,Kew_SID,Goldberg et al. (2010),GBIF,http://data.kew.org/sid/SidServlet?ID=47688&Num=Qrx,https://nph.onlinelibrary.wiley.com/doi/epdf/10.1111/nph.14534,https://www.gbif.org/species/8286409,CO4032,NA,
Senecio,pinnatifolius,0.5016,749.1641118,15.72139888,21.22339584,10.34406457,1.096776644,17591.10265,4.346789793,47.52554278,SI,herb,Kew_SID,Goldberg et al. (2010),GBIF,http://data.kew.org/sid/SidServlet?ID=36517&Num=0o4,https://nph.onlinelibrary.wiley.com/doi/epdf/10.1111/nph.14534,https://www.gbif.org/species/3108784,CO4040,NA,
Senecio,quadridentatus,0.137,748.0526079,14.99049186,20.77151954,9.323772407,1.070624602,17107.63824,3.62919351,57.32973856,SC,herb,Kew_SID,Goldberg et al. (2010),GBIF,http://data.kew.org/sid/SidServlet?ID=21007&Num=Re4,https://nph.onlinelibrary.wiley.com/doi/epdf/10.1111/nph.14534,https://www.gbif.org/species/3107661,CO4059,NA,
Senecio,radiolatus,0.3144,801.2727273,11.55956344,15.751767,8.83445522,1.17533896,13682.61667,6.4343807,99.66666667,SC,herb,Kew_SID,Goldberg et al. (2010),GBIF,http://data.kew.org/sid/SidServlet?ID=47699&Num=b3x,https://nph.onlinelibrary.wiley.com/doi/epdf/10.1111/nph.14534,https://www.gbif.org/species/3107295,CO4060,NA,
Senecio,runcinifolius,0.1416,742.5327381,17.33383749,23.76818713,10.9051115,1.034671491,17945.4255,3.302026413,31.30077263,SC,herb,Kew_SID,Goldberg et al. (2010),GBIF,http://data.kew.org/sid/SidServlet?ID=36635&Num=0O5,https://nph.onlinelibrary.wiley.com/doi/epdf/10.1111/nph.14534,https://www.gbif.org/species/3108369,CO4067,NA,
Senecio,squalidus,0.26,238.1819389,9.311368388,13.20896289,5.355370861,0.943270203,10998.79338,4.149951848,73.21803653,SI,herb,Kew_SID,Goldberg et al. (2010),Engemann et al. (2016),http://data.kew.org/sid/SidServlet?ID=2562&Num=iD3,https://www.researchgate.net/publication/280301680_httpacels-cdncomS18770509150162701-s20-S1877050915016270-mainpdf_tid9bb09b86-30d9-11e5-b5f7-00000aab0f01acdnat1437614868_4e27ae3f0c753a36544803dc5c24c930,https://esajournals.onlinelibrary.wiley.com/doi/full/10.1002/ecy.1569,CO4083,NA,
Senecio,squarrosus,0.2916,764.9796954,13.69353035,18.4067269,8.781363775,1.088313039,15771.74547,4.550052366,62.93115942,SC,herb,Kew_SID,Goldberg et al. (2010),GBIF,http://data.kew.org/sid/SidServlet?ID=36838&Num=0Mp,https://nph.onlinelibrary.wiley.com/doi/epdf/10.1111/nph.14534,https://www.gbif.org/species/3108390,CO4087,NA,
Senecio,sylvaticus,0.25,230.6003287,8.4780937,12.26173086,4.600675933,0.916484412,10570.03317,3.900543919,70.76735323,SC,herb,Kew_SID,Goldberg et al. (2010),Engemann et al. (2016),http://data.kew.org/sid/SidServlet?ID=2562&Num=iD3,https://www.researchgate.net/publication/280301680_httpacels-cdncomS18770509150162701-s20-S1877050915016270-mainpdf_tid9bb09b86-30d9-11e5-b5f7-00000aab0f01acdnat1437614868_4e27ae3f0c753a36544803dc5c24c930,https://esajournals.onlinelibrary.wiley.com/doi/full/10.1002/ecy.1569,CO4092,NA,
Senecio,vagus,1.0004474,744.7792208,14.43214603,19.28989345,9.632063402,1.189589084,16652.52921,3.435520113,90.40549828,SI,herb,Kew_SID,Goldberg et al. (2010),GBIF,http://data.kew.org/sid/SidServlet?ID=47709&Num=1jE,https://nph.onlinelibrary.wiley.com/doi/epdf/10.1111/nph.14534,https://www.gbif.org/species/3107959,CO4100,NA,
Senecio,velleioides,0.4736,761.8795181,12.93835241,17.62536385,8.612124214,1.114125593,15888.09722,4.102675178,89.48263889,SI,herb,Kew_SID,Goldberg et al. (2010),GBIF,http://data.kew.org/sid/SidServlet?ID=47710&Num=RK3,https://nph.onlinelibrary.wiley.com/doi/epdf/10.1111/nph.14534,https://www.gbif.org/species/3107351,CO4103,NA,
Senecio,vulgaris,0.22,250.2011544,9.249868284,13.41753164,5.119510689,0.946022508,11602.94287,3.778428595,71.52290774,SC,herb,Kew_SID,Goldberg et al. (2010),Engemann et al. (2016),http://data.kew.org/sid/SidServlet?ID=2562&Num=iD3,https://www.researchgate.net/publication/280301680_httpacels-cdncomS18770509150162701-s20-S1877050915016270-mainpdf_tid9bb09b86-30d9-11e5-b5f7-00000aab0f01acdnat1437614868_4e27ae3f0c753a36544803dc5c24c930,https://esajournals.onlinelibrary.wiley.com/doi/full/10.1002/ecy.1569,CO4106,NA,
Sonchus,arvensis,0.49,222.6712579,7.689199014,11.66032669,3.928255854,0.899621002,10467.88141,3.894498257,71.53341032,SI,herb,Kew_SID,Goldberg et al. (2010),Engemann et al. (2016),http://data.kew.org/sid/SidServlet?ID=2562&Num=iD3,https://www.researchgate.net/publication/280301680_httpacels-cdncomS18770509150162701-s20-S1877050915016270-mainpdf_tid9bb09b86-30d9-11e5-b5f7-00000aab0f01acdnat1437614868_4e27ae3f0c753a36544803dc5c24c930,https://esajournals.onlinelibrary.wiley.com/doi/full/10.1002/ecy.1569,CO4211,NA,
Sonchus,asper,0.28,328.6985813,10.85198657,15.32588407,6.366427468,1.011734455,12702.43276,3.777279014,70.66326802,SC,herb,Kew_SID,Goldberg et al. (2010),Engemann et al. (2016),http://data.kew.org/sid/SidServlet?ID=2562&Num=iD3,https://www.researchgate.net/publication/280301680_httpacels-cdncomS18770509150162701-s20-S1877050915016270-mainpdf_tid9bb09b86-30d9-11e5-b5f7-00000aab0f01acdnat1437614868_4e27ae3f0c753a36544803dc5c24c930,https://esajournals.onlinelibrary.wiley.com/doi/full/10.1002/ecy.1569,CO4213,NA,
Sonchus,crassifolius,0.3,298.9384615,13.99546391,20.16456249,7.904852186,1.015678495,15910.26667,2.813144706,34.79285714,SI,herb,Kew_SID,Goldberg et al. (2010),GBIF,http://data.kew.org/sid/SidServlet?ID=21868&Num=6JA,https://nph.onlinelibrary.wiley.com/doi/epdf/10.1111/nph.14534,https://www.gbif.org/species/4250382,CO4214,NA,
Sonchus,oleraceus,0.3,401.7343049,12.67169786,17.40738351,7.829187798,1.0655911,13960.65295,3.675617728,65.78740784,SC,herb,Kew_SID,Goldberg et al. (2010),Engemann et al. (2016),http://data.kew.org/sid/SidServlet?ID=2562&Num=iD3,https://www.researchgate.net/publication/280301680_httpacels-cdncomS18770509150162701-s20-S1877050915016270-mainpdf_tid9bb09b86-30d9-11e5-b5f7-00000aab0f01acdnat1437614868_4e27ae3f0c753a36544803dc5c24c930,https://esajournals.onlinelibrary.wiley.com/doi/full/10.1002/ecy.1569,CO4219,NA,
Symphyotrichum,ciliatum,0.1904,258.8651685,5.377420611,10.77543529,-0.698344566,0.73890152,13108.69309,3.830692507,50.90447154,SC,herb,Kew_SID,Goldberg et al. (2010),Engemann et al. (2016),http://data.kew.org/sid/SidServlet?ID=2562&Num=iD3,https://www.researchgate.net/publication/280301680_httpacels-cdncomS18770509150162701-s20-S1877050915016270-mainpdf_tid9bb09b86-30d9-11e5-b5f7-00000aab0f01acdnat1437614868_4e27ae3f0c753a36544803dc5c24c930,https://esajournals.onlinelibrary.wiley.com/doi/full/10.1002/ecy.1569,CO4301,NA,
Symphyotrichum,ericoides,1.3144,295.105939,10.31510608,16.29166316,4.556721511,1.018768584,14211.80984,3.910898845,69.49726776,SI,herb,Kew_SID,Goldberg et al. (2010),Engemann et al. (2016),http://data.kew.org/sid/SidServlet?ID=2562&Num=iD3,https://www.researchgate.net/publication/280301680_httpacels-cdncomS18770509150162701-s20-S1877050915016270-mainpdf_tid9bb09b86-30d9-11e5-b5f7-00000aab0f01acdnat1437614868_4e27ae3f0c753a36544803dc5c24c930,https://esajournals.onlinelibrary.wiley.com/doi/full/10.1002/ecy.1569,CO4306,NA,
Symphyotrichum,laeve,0.648,265.3156297,7.94787449,12.85659112,2.900622889,0.908484946,12446.26884,3.568811832,68.24230361,SI,herb,Kew_SID,Goldberg et al. (2010),Engemann et al. (2016),http://data.kew.org/sid/SidServlet?ID=2562&Num=iD3,https://www.researchgate.net/publication/280301680_httpacels-cdncomS18770509150162701-s20-S1877050915016270-mainpdf_tid9bb09b86-30d9-11e5-b5f7-00000aab0f01acdnat1437614868_4e27ae3f0c753a36544803dc5c24c930,https://esajournals.onlinelibrary.wiley.com/doi/full/10.1002/ecy.1569,CO4309,NA,
Symphyotrichum,novae-angliae,0.6596,266.1290323,8.475628624,13.41535776,3.617646781,0.936341022,12281.26176,3.660076928,73.92107644,SI,herb,Kew_SID,Goldberg et al. (2010),Engemann et al. (2016),http://data.kew.org/sid/SidServlet?ID=2562&Num=iD3,https://www.researchgate.net/publication/280301680_httpacels-cdncomS18770509150162701-s20-S1877050915016270-mainpdf_tid9bb09b86-30d9-11e5-b5f7-00000aab0f01acdnat1437614868_4e27ae3f0c753a36544803dc5c24c930,https://esajournals.onlinelibrary.wiley.com/doi/full/10.1002/ecy.1569,CO4312,NA,
Symphyotrichum,novi-belgii,0.466,233.8858203,8.061634168,12.09016334,4.029845309,0.901815496,10609.89685,3.595444404,67.32108288,SI,herb,Kew_SID,Goldberg et al. (2010),Engemann et al. (2016),http://data.kew.org/sid/SidServlet?ID=2562&Num=iD3,https://www.researchgate.net/publication/280301680_httpacels-cdncomS18770509150162701-s20-S1877050915016270-mainpdf_tid9bb09b86-30d9-11e5-b5f7-00000aab0f01acdnat1437614868_4e27ae3f0c753a36544803dc5c24c930,https://esajournals.onlinelibrary.wiley.com/doi/full/10.1002/ecy.1569,CO4313,NA,
Symphyotrichum,patens,0.5072,324.1151515,14.61531477,20.68933757,8.318724927,1.313848067,14992.78395,3.003167377,102.4331276,SI,herb,Kew_SID,Goldberg et al. (2010),Engemann et al. (2016),http://data.kew.org/sid/SidServlet?ID=2562&Num=iD3,https://www.researchgate.net/publication/280301680_httpacels-cdncomS18770509150162701-s20-S1877050915016270-mainpdf_tid9bb09b86-30d9-11e5-b5f7-00000aab0f01acdnat1437614868_4e27ae3f0c753a36544803dc5c24c930,https://esajournals.onlinelibrary.wiley.com/doi/full/10.1002/ecy.1569,CO4317,NA,
Symphyotrichum,puniceum,0.3108,274.1711027,6.543985148,11.7382319,1.18175694,0.867591465,12739.99167,3.574772095,84.62463768,SI,herb,Kew_SID,Goldberg et al. (2010),GBIF,http://data.kew.org/sid/SidServlet?ID=42197&Num=hj9,https://nph.onlinelibrary.wiley.com/doi/epdf/10.1111/nph.14534,https://www.gbif.org/species/8233296,CO4323,NA,
Symphyotrichum,shortii,0.9224,297.8157895,10.86919809,15.86047875,5.077438781,1.060310394,13433.08073,3.751116663,82.65364583,SI,herb,Kew_SID,Goldberg et al. (2010),Engemann et al. (2016),http://data.kew.org/sid/SidServlet?ID=2562&Num=iD3,https://www.researchgate.net/publication/280301680_httpacels-cdncomS18770509150162701-s20-S1877050915016270-mainpdf_tid9bb09b86-30d9-11e5-b5f7-00000aab0f01acdnat1437614868_4e27ae3f0c753a36544803dc5c24c930,https://esajournals.onlinelibrary.wiley.com/doi/full/10.1002/ecy.1569,CO4327,NA,
Symphyotrichum,subulatum,0.2798,530.0081081,17.53868051,23.15265348,11.90030537,1.408068936,17160.30939,3.456478138,82.37891344,SC,herb,Kew_SID,Goldberg et al. (2010),Engemann et al. (2016),http://data.kew.org/sid/SidServlet?ID=2562&Num=iD3,https://www.researchgate.net/publication/280301680_httpacels-cdncomS18770509150162701-s20-S1877050915016270-mainpdf_tid9bb09b86-30d9-11e5-b5f7-00000aab0f01acdnat1437614868_4e27ae3f0c753a36544803dc5c24c930,https://esajournals.onlinelibrary.wiley.com/doi/full/10.1002/ecy.1569,CO4329,NA,
Symphyotrichum,turbinellum,0.4716,312.8080808,13.06582592,18.9879746,7.201119523,1.186249657,14826.5,3.527009432,89.74842767,SI,herb,Kew_SID,Goldberg et al. (2010),GBIF,http://data.kew.org/sid/SidServlet?ID=47758&Num=822,https://nph.onlinelibrary.wiley.com/doi/epdf/10.1111/nph.14534,https://www.gbif.org/species/3151488,CO4334,NA,