Genus,Species_Epither,Weight_list,cx,temp,tmax,tmin,varpr,srad,wind,rf,SCSI,growth,Weight_source,SCSI_source,Growth_source,WeightURL,SCSIURL,Growth_source
Cestrum,alternifolium,4.31,475.456,24.04148761,28.98581053,20.18055282,2.426151385,18881.12154,2.484290613,140.1008006,SC,shrub,Kew_SID,Goldberg et al. (2010),K. Engemann et al. (2016),http://data.kew.org/sid/SidServlet?ID=5388&Num=0LF,https://science.sciencemag.org/content/330/6003/493,https://esajournals.onlinelibrary.wiley.com/doi/full/10.1002/ecy.1569
Cestrum,aurantiacum,5.2848,528.7772727,18.46732816,23.99178255,14.10205946,1.715066219,18759.2984,2.717954651,132.3232601,SC,shrub,Kew_SID,Goldberg et al. (2010),K. Engemann et al. (2016),http://data.kew.org/sid/SidServlet?ID=53126&Num=On4,https://science.sciencemag.org/content/330/6003/493,https://esajournals.onlinelibrary.wiley.com/doi/full/10.1002/ecy.1569
Cestrum,diurnum,1.595,427.1868132,24.0508961,29.10105947,19.32774139,2.337047312,18083.89602,3.315432723,122.5612094,SC,tree,Kew_SID,Goldberg et al. (2010),GBIF,http://data.kew.org/sid/SidServlet?ID=60759&Num=0jI,https://science.sciencemag.org/content/330/6003/493,https://www.gbif.org/species/2928789
Cestrum,dumetorum,4.6,434.5,22.94588074,28.64113592,17.70163308,2.141595561,18314.89844,2.408527782,112.4898727,SI,tree,Kew_SID,Goldberg et al. (2010),GBIF,http://data.kew.org/sid/SidServlet?ID=5389&Num=1o7,https://science.sciencemag.org/content/330/6003/493,https://www.gbif.org/species/7300199
Cestrum,fasciculatum,1.9132,501.2649573,16.30202888,21.18117193,10.3950526,1.377078671,16328.84551,2.446375519,113.4128788,SI,shrub,Kew_SID,Goldberg et al. (2010),K. Engemann et al. (2016),http://data.kew.org/sid/SidServlet?ID=60800&Num=822,https://science.sciencemag.org/content/330/6003/493,https://esajournals.onlinelibrary.wiley.com/doi/full/10.1002/ecy.1569
Cestrum,laevigatum,6.3984,677.795,21.04228066,26.84585441,15.97566512,1.923869017,16818.45733,2.628464255,107.4298878,SC,shrub,Kew_SID,Goldberg et al. (2010),K. Engemann et al. (2016),http://data.kew.org/sid/SidServlet?ID=44453&Num=g9E,https://science.sciencemag.org/content/330/6003/493,https://esajournals.onlinelibrary.wiley.com/doi/full/10.1002/ecy.1569
Cestrum,laurifolium,4.8420168,421.6428571,24.42796675,29.68401782,20.6023355,2.493789882,18980.09375,3.85408312,133.0342262,SC,tree,Kew_SID,Goldberg et al. (2010),K. Engemann et al. (2016),http://data.kew.org/sid/SidServlet?ID=59635&Num=ll9,https://science.sciencemag.org/content/330/6003/493,https://esajournals.onlinelibrary.wiley.com/doi/full/10.1002/ecy.1569
Cestrum,nocturnum,3.236,476.9566327,22.31506937,27.06472153,17.2214351,2.098909494,17799.32003,2.577368281,150.8890238,SC,shrub,Kew_SID,Goldberg et al. (2010),K. Engemann et al. (2016),http://data.kew.org/sid/SidServlet?ID=53127&Num=TNQ,https://science.sciencemag.org/content/330/6003/493,https://esajournals.onlinelibrary.wiley.com/doi/full/10.1002/ecy.1569
Cestrum,reflexum,0.05,560.6690647,24.28645791,29.44505067,19.37680064,2.438066786,15553.41414,1.901165668,192.6641414,SC,tree,Kew_SID,Goldberg et al. (2010),GBIF,http://data.kew.org/sid/SidServlet?ID=5392&Num=5GT,https://science.sciencemag.org/content/330/6003/493,https://www.gbif.org/species/7299914
Cestrum,tomentosum,3.482,479.4393443,18.46226068,24.4119351,13.62072133,1.728688544,17412.84784,2.118707385,133.3085242,SI,shrub,Kew_SID,Goldberg et al. (2010),K. Engemann et al. (2016),http://data.kew.org/sid/SidServlet?ID=44454&Num=aay,https://science.sciencemag.org/content/330/6003/493,https://esajournals.onlinelibrary.wiley.com/doi/full/10.1002/ecy.1569
Datura,discolor,6.8,382.5571776,22.08076213,29.61549432,14.99961307,1.606205767,18470.1799,2.639123533,47.24430424,SI,herb,Kew_SID,Goldberg et al. (2010),K. Engemann et al. (2016),http://data.kew.org/sid/SidServlet?ID=7493&Num=9Yf,https://science.sciencemag.org/content/330/6003/493,https://esajournals.onlinelibrary.wiley.com/doi/full/10.1002/ecy.1569
Datura,ferox,14.5,571.0281457,16.49603451,22.40364314,10.53484894,1.21733032,16854.19668,3.19639862,55.77562831,SI,herb,Kew_SID,Goldberg et al. (2010),K. Engemann et al. (2016),http://data.kew.org/sid/SidServlet?ID=7494&Num=6HQ,https://science.sciencemag.org/content/330/6003/493,https://esajournals.onlinelibrary.wiley.com/doi/full/10.1002/ecy.1569
Datura,innoxia,11.32,443.8858483,18.17448234,22.70734574,11.59231355,1.343924821,16342.86977,3.211523019,53.58607958,SI,herb,Kew_SID,Goldberg et al. (2010),GBIF,http://data.kew.org/sid/SidServlet?ID=53132&Num=Lbm,https://science.sciencemag.org/content/330/6003/493,https://www.gbif.org/species/2928755
Datura,lanosa,7.45672,382.5535714,22.59061177,31.29893444,14.92056286,1.576830308,18153.28736,2.258143997,53.30172414,SI,herb,Kew_SID,Goldberg et al. (2010),GBIF,http://data.kew.org/sid/SidServlet?ID=44455&Num=1xd,https://science.sciencemag.org/content/330/6003/493,https://www.gbif.org/species/8575955
Datura,leichhardtii,6.5732,691.6116505,21.73383123,28.15008765,14.29059474,1.002031507,21051.19356,3.397394946,26.09639303,SC,herb,Kew_SID,Goldberg et al. (2010),GBIF,http://data.kew.org/sid/SidServlet?ID=53133&Num=6px,https://science.sciencemag.org/content/330/6003/493,https://www.gbif.org/species/7893055
Datura,metel,15.8,471.0254237,21.96923086,25.63229841,16.86181488,1.978083721,16675.35641,2.758288213,117.2091417,SC,shrub,Kew_SID,Goldberg et al. (2010),K. Engemann et al. (2016),http://data.kew.org/sid/SidServlet?ID=7497&Num=ewM,https://science.sciencemag.org/content/330/6003/493,https://esajournals.onlinelibrary.wiley.com/doi/full/10.1002/ecy.1569
Datura,meteloides,13.578,372.8,18.04730543,24.42755745,10.59217372,1.25268846,17210.45443,2.879859022,62.18098958,SC,shrub,Kew_SID,Goldberg et al. (2010),GBIF,http://data.kew.org/sid/SidServlet?ID=7498&Num=s2G,https://science.sciencemag.org/content/330/6003/493,https://www.gbif.org/species/2928742
Datura,quercifolia,7.1,375.0538922,16.54966181,24.91281901,8.284613972,1.003254199,18280.92197,2.982117206,42.61828964,SC,herb,Kew_SID,Goldberg et al. (2010),K. Engemann et al. (2016),http://data.kew.org/sid/SidServlet?ID=7499&Num=1iz,https://science.sciencemag.org/content/330/6003/493,https://esajournals.onlinelibrary.wiley.com/doi/full/10.1002/ecy.1569
Datura,stramonium,9.1808,336.7070608,12.5248479,16.11629133,7.370476949,1.090757503,12407.29755,3.642486866,66.96788392,SC,herb,Kew_SID,Goldberg et al. (2010),GBIF,http://data.kew.org/sid/SidServlet?ID=7503&Num=E7H,https://science.sciencemag.org/content/330/6003/493,https://www.gbif.org/species/2928751
Datura,wrightii,13.8,351.1082411,15.92770722,23.45242277,9.360221561,0.975023179,17975.37244,3.301904539,34.48264146,SI,shrub,Kew_SID,Goldberg et al. (2010),GBIF,http://data.kew.org/sid/SidServlet?ID=7505&Num=do6,https://science.sciencemag.org/content/330/6003/493,https://www.gbif.org/species/2928741
Hyoscyamus,albus,0.5192,303.6200466,14.99271481,19.74706758,11.18952578,1.272679179,15098.50306,4.077917499,64.21964353,SC,herb,Kew_SID,Goldberg et al. (2010),K. Engemann et al. (2016),http://data.kew.org/sid/SidServlet?ID=12407&Num=e30,https://science.sciencemag.org/content/330/6003/493,https://esajournals.onlinelibrary.wiley.com/doi/full/10.1002/ecy.1569
Hyoscyamus,aureus,0.1,339.0306122,18.44844012,24.3070494,13.01459368,1.27954072,18648.35974,2.912865913,39.78052805,SC,herb,Kew_SID,Goldberg et al. (2010),GBIF,http://data.kew.org/sid/SidServlet?ID=12408&Num=0hA,https://science.sciencemag.org/content/330/6003/493,https://www.gbif.org/species/7602400
Hyoscyamus,boveanus,0.5272,360,19.15743525,25.3247348,14.11862145,0.938193069,20020.11667,3.45585832,5.55,SI,herb,Kew_SID,Goldberg et al. (2010),GBIF,http://data.kew.org/sid/SidServlet?ID=12409&Num=78e,https://science.sciencemag.org/content/330/6003/493,https://www.gbif.org/species/3802755
Hyoscyamus,desertorum,0.23,354.8611111,20.61828022,27.49237879,14.17567574,1.131531051,19726.90888,2.9226694,7.556074766,SC,herb,Kew_SID,Goldberg et al. (2010),GBIF,http://data.kew.org/sid/SidServlet?ID=12410&Num=CF7,https://science.sciencemag.org/content/330/6003/493,https://www.gbif.org/species/3802705
Hyoscyamus,muticus,0.5176,395.725,24.95965713,31.98120172,17.70619496,0.939051284,21366.105,3.996993208,3.355,SC,herb,Kew_SID,Goldberg et al. (2010),GBIF,http://data.kew.org/sid/SidServlet?ID=12411&Num=Tcn,https://science.sciencemag.org/content/330/6003/493,https://www.gbif.org/species/2928977
Hyoscyamus,niger,0.6,235.8384984,8.282910412,11.98781209,3.95205156,0.878045609,11141.94397,3.923190963,60.21405005,SI,herb,Kew_SID,Goldberg et al. (2010),K. Engemann et al. (2016),http://data.kew.org/sid/SidServlet?ID=12412&Num=agV,https://science.sciencemag.org/content/330/6003/493,https://esajournals.onlinelibrary.wiley.com/doi/full/10.1002/ecy.1569
Hyoscyamus,pusillus,0.62,327.9565217,10.93942976,18.49185713,5.596936182,0.78526623,17489.38911,2.430961178,21.95341207,SI,herb,Kew_SID,Goldberg et al. (2010),GBIF,http://data.kew.org/sid/SidServlet?ID=44457&Num=A2d,https://science.sciencemag.org/content/330/6003/493,https://www.gbif.org/species/3802521
Hyoscyamus,reticulatus,0.8,333.3913043,15.50489941,23.32522477,10.86218957,1.109718631,18801.09677,2.766561484,22.98655914,SI,herb,Kew_SID,Goldberg et al. (2010),GBIF,http://data.kew.org/sid/SidServlet?ID=12413&Num=A64,https://science.sciencemag.org/content/330/6003/493,https://www.gbif.org/species/3802515
Lycium,acutifolium,0.657,716.5333333,19.83054759,25.67977854,14.10152885,1.705984572,17154.3756,2.835600854,70.62198068,SC,shrub,Kew_SID,Goldberg et al. (2010),GBIF,http://data.kew.org/sid/SidServlet?ID=53139&Num=5Oo,https://science.sciencemag.org/content/330/6003/493,https://www.gbif.org/species/7375125
Lycium,americanum,0.62,645.9711538,21.46953533,27.51571309,15.01938945,1.772131443,16609.87248,2.765780367,66.6255814,SC,shrub,Kew_SID,Goldberg et al. (2010),K. Engemann et al. (2016),http://data.kew.org/sid/SidServlet?ID=53140&Num=qY3,https://science.sciencemag.org/content/330/6003/493,https://esajournals.onlinelibrary.wiley.com/doi/full/10.1002/ecy.1569
Lycium,amoenum,9.5584,723.7105263,17.86729127,24.70537476,10.65450763,1.023934699,20159.77288,3.482346022,15.08986928,SI,shrub,Kew_SID,Goldberg et al. (2010),Annelise le Roux(2015),http://data.kew.org/sid/SidServlet?ID=39259&Num=3pb,https://science.sciencemag.org/content/330/6003/493,https://books.google.co.jp/books?id=rBBbDwAAQBAJ&pg=PT1409&lpg=PT1409&dq=Lycium%09amoenum+shrub&source=bl&ots=2nPULe2OPx&sig=ACfU3U2a51FK4fShJfOk9_GlI7-wcLlO7g&hl=ja&sa=X&ved=2ahUKEwjYldSTovvoAhXGFIgKHeV2CVwQ6AEwCnoECAsQAQ#v=onepage&q=Lycium%09amoenum%20shrub&f=false
Lycium,andersonii,2.1128,338.7615894,18.53045231,27.02195731,10.89330717,0.834164682,19252.09436,3.209678044,20.65054311,SC,shrub,Kew_SID,Goldberg et al. (2010),K. Engemann et al. (2016),http://data.kew.org/sid/SidServlet?ID=14576&Num=h9u,https://science.sciencemag.org/content/330/6003/493,https://esajournals.onlinelibrary.wiley.com/doi/full/10.1002/ecy.1569
Lycium,australe,1.3824,733.0865103,17.90004942,24.09720199,11.19103543,1.035714125,19118.15572,4.003462369,23.41308793,SC,shrub,Kew_SID,Goldberg et al. (2010),GBIF,http://data.kew.org/sid/SidServlet?ID=39258&Num=Y3L,https://science.sciencemag.org/content/330/6003/493,https://www.gbif.org/species/3798360
Lycium,barbarum,1.7,251.7553011,9.53410716,13.39964198,6.014123443,0.995795444,10750.61114,4.601502321,60.08970963,SC,shrub,Kew_SID,Goldberg et al. (2010),GBIF,http://data.kew.org/sid/SidServlet?ID=14577&Num=DSo,https://science.sciencemag.org/content/330/6003/493,https://www.gbif.org/species/2928835
Lycium,berlandieri,1.38,366.6329588,19.39481971,27.94322666,11.48420916,1.063191931,18705.66856,3.02415464,29.58805477,SC,shrub,Kew_SID,Goldberg et al. (2010),K. Engemann et al. (2016),http://data.kew.org/sid/SidServlet?ID=39257&Num=XM0,https://science.sciencemag.org/content/330/6003/493,https://esajournals.onlinelibrary.wiley.com/doi/full/10.1002/ecy.1569
Lycium,brevipes,0.569,372.2985075,21.1514732,27.46682208,13.99167531,1.514075501,18632.23467,3.019531545,19.40804598,SI,shrub,Kew_SID,Goldberg et al. (2010),K. Engemann et al. (2016),http://data.kew.org/sid/SidServlet?ID=14578&Num=P64,https://science.sciencemag.org/content/330/6003/493,https://esajournals.onlinelibrary.wiley.com/doi/full/10.1002/ecy.1569
Lycium,bridgesii,1.882,754,9.1271207,14.89460763,3.359269585,0.677471982,18929.27917,3.355682255,31.9125,SI,shrub,Kew_SID,Goldberg et al. (2011),,http://data.kew.org/sid/SidServlet?ID=14578&Num=P65,https://science.sciencemag.org/content/330/6003/494,https://www.gbif.org/
Lycium,californicum,3.804,352.4647887,18.80021236,23.34887105,11.96118391,1.248744829,17987.78303,3.196454063,22.00600601,SC,shrub,Kew_SID,Goldberg et al. (2010),K. Engemann et al. (2016),http://data.kew.org/sid/SidServlet?ID=14578&Num=P66,https://science.sciencemag.org/content/330/6003/495,https://esajournals.onlinelibrary.wiley.com/doi/full/10.1002/ecy.1569
Lycium,carolinianum,0.6156,389.9882353,22.59995935,27.00183104,17.01377053,2.029751342,17126.10098,3.99364245,88.41372549,SC,shrub,Kew_SID,Goldberg et al. (2010),K. Engemann et al. (2016),http://data.kew.org/sid/SidServlet?ID=14580&Num=S15,https://science.sciencemag.org/content/330/6003/493,https://esajournals.onlinelibrary.wiley.com/doi/full/10.1002/ecy.1569
Lycium,chinense,2.652,288.9246411,11.80391633,15.15153324,7.19736881,1.124374625,11857.86732,3.62408558,78.89154511,SC,shrub,Kew_SID,Goldberg et al. (2010),K. Engemann et al. (2016),http://data.kew.org/sid/SidServlet?ID=14582&Num=376,https://science.sciencemag.org/content/330/6003/493,https://esajournals.onlinelibrary.wiley.com/doi/full/10.1002/ecy.1569
Lycium,cinereum,1.9848,712.9135802,17.50505407,25.23437188,9.770711295,1.090724348,19967.02055,2.80685794,37.23767123,SC,shrub,Kew_SID,Goldberg et al. (2010),GBIF,http://data.kew.org/sid/SidServlet?ID=39254&Num=7A3,https://science.sciencemag.org/content/330/6003/493,https://www.gbif.org/species/7448084
Lycium,cooperi,2.557,327.9066667,16.38625353,24.52943934,8.731020775,0.671765015,19254.48294,3.689492697,22.14435695,SC,shrub,Kew_SID,Goldberg et al. (2010),K. Engemann et al. (2016),http://data.kew.org/sid/SidServlet?ID=14583&Num=ZHw,https://science.sciencemag.org/content/330/6003/493,https://esajournals.onlinelibrary.wiley.com/doi/full/10.1002/ecy.1569
Lycium,decumbens,7.1468,697.9473684,18.76568784,25.058487,11.60869306,1.228230003,19577.09804,3.881905376,8.519607843,SI,shrub,Kew_SID,Goldberg et al. (2010),CJB_African Plant Database,http://data.kew.org/sid/SidServlet?ID=39262&Num=UpT,https://science.sciencemag.org/content/330/6003/493,http://www.ville-ge.ch/musinfo/bd/cjb/africa/details.php?langue=an&id=119612
Lycium,deserti,2.7592,699.8,15.0029954,20.88617433,9.512911483,0.995894417,19401.54167,4.412123983,12.69444444,SC,shrub,Kew_SID,Goldberg et al. (2010),GBIF,http://data.kew.org/sid/SidServlet?ID=39252&Num=PHR,https://science.sciencemag.org/content/330/6003/493,https://www.gbif.org/species/3797586
Lycium,eenii,1.0816,676,19.24667003,27.24551912,10.76137752,0.937487624,21217.93537,2.689394971,21.43197279,SI,shrub,Kew_SID,Goldberg et al. (2010),CJB_African Plant Database,http://data.kew.org/sid/SidServlet?ID=53143&Num=uS9,https://science.sciencemag.org/content/330/6003/493,http://www.ville-ge.ch/musinfo/bd/cjb/africa/details.php?langue=an&id=119616
Lycium,europaeum,1.7632,305.3955056,15.00994546,20.65913876,10.0236706,1.204393187,16028.02196,3.264966118,44.00350501,SC,shrub,Kew_SID,Goldberg et al. (2010),GBIF,http://data.kew.org/sid/SidServlet?ID=14585&Num=N29,https://science.sciencemag.org/content/330/6003/493,https://www.gbif.org/species/3797421
Lycium,ferocissimum,2.536,743.0921758,16.17860934,20.6638632,11.14279404,1.178333499,17359.35012,5.040914085,40.2856721,SC,shrub,Kew_SID,Goldberg et al. (2010),K. Engemann et al. (2016),http://data.kew.org/sid/SidServlet?ID=14587&Num=dX3,https://science.sciencemag.org/content/330/6003/493,https://esajournals.onlinelibrary.wiley.com/doi/full/10.1002/ecy.1569
Lycium,fremontii,1.47964,350.9491525,20.69232963,28.71502421,12.49836288,0.931078813,19351.16254,2.933691373,21.25938438,SC,shrub,Kew_SID,Goldberg et al. (2010),K. Engemann et al. (2016),http://data.kew.org/sid/SidServlet?ID=44460&Num=FTa,https://science.sciencemag.org/content/330/6003/493,https://esajournals.onlinelibrary.wiley.com/doi/full/10.1002/ecy.1569
Lycium,halimifolium,1.75,279.0740741,9.859449044,15.64295959,4.731232193,0.982903261,13567.38793,3.38346391,81.88505747,SC,shrub,Kew_SID,Goldberg et al. (2010),Royal British Columbia Museum(1996),http://data.kew.org/sid/SidServlet?ID=14588&Num=347,https://science.sciencemag.org/content/330/6003/493,https://books.google.co.jp/books?id=2pzdJ8eddAEC&pg=PA314&lpg=PA314&dq=Lycium%09halimifolium+shrub&source=bl&ots=peYc6D0NgM&sig=ACfU3U0F95pI9H_a-xt6U45RnKF9i5BJcQ&hl=ja&sa=X&ved=2ahUKEwj70ITG5unoAhUP7GEKHVaYBAcQ6AEwC3oECAsQLw#v=onepage&q=Lycium%09halimifolium%20shrub&f=false
Lycium,horridum,1.6876,717.2287234,17.31160256,24.8682109,9.487783771,1.054859123,19937.93279,3.009729098,31.45498783,SC,shrub,Kew_SID,Goldberg et al. (2010),GBIF,http://data.kew.org/sid/SidServlet?ID=53144&Num=l00,https://science.sciencemag.org/content/330/6003/493,https://www.gbif.org/species/3796932
Lycium,intricatum,1.4356,336.5645933,18.03105012,23.06404467,13.85267634,1.494866487,17806.93347,4.127345016,22.25922096,SC,shrub,Kew_SID,Goldberg et al. (2010),GBIF,http://data.kew.org/sid/SidServlet?ID=60349&Num=c65,https://science.sciencemag.org/content/330/6003/493,https://www.gbif.org/species/3796884
Lycium,mascarenense,0.567,683.3333333,22.69463975,24.85839512,18.68470465,2.077097388,18215.40686,3.765746024,98.53921569,SI,shrub,Kew_SID,Goldberg et al. (2010),Andor M.Venter et al. (1999),http://data.kew.org/sid/SidServlet?ID=14589&Num=9Y0,https://science.sciencemag.org/content/330/6003/493,https://www.sciencedirect.com/science/article/pii/S0254629915310346?via%3Dihub
Lycium,megacarpum,1.4844,378.7777778,20.80151746,27.16687,13.41052014,1.576885871,19052.57143,2.665857757,13.6547619,SC,shrub,Kew_SID,Goldberg et al. (2010),Richard Stephen Felger et al. (2013),http://data.kew.org/sid/SidServlet?ID=60028&Num=lfd,https://science.sciencemag.org/content/330/6003/493,https://books.google.co.jp/books?id=A2UOWUc0esMC&pg=PA475&lpg=PA475&dq=Lycium+megacarpum+shrub&source=bl&ots=_kwZFPg6d0&sig=ACfU3U2C_Np2IrL8rZHC8NKcAGzncvVCsA&hl=ja&sa=X&ved=2ahUKEwjYlOXv6OnoAhUNQd4KHW1ADN8Q6AEwCnoECAsQLw#v=onepage&q=Lycium%20megacarpum%20shrub&f=false
Lycium,nodosum,0.58,627.3421053,22.87202266,28.26719332,16.96247758,1.954324191,16261.12202,2.946432995,58.34375,SC,shrub,Kew_SID,Goldberg et al. (2010),K. Engemann et al. (2016),http://data.kew.org/sid/SidServlet?ID=14590&Num=po6,https://science.sciencemag.org/content/330/6003/493,https://esajournals.onlinelibrary.wiley.com/doi/full/10.1002/ecy.1569
Lycium,oxycarpum,1.0388,731.1717172,17.05098154,23.97182346,9.89605526,1.08885535,19287.59885,3.107439741,29.17068965,SC,shrub,Kew_SID,Goldberg et al. (2010),JSTOR_Global Plants,http://data.kew.org/sid/SidServlet?ID=14591&Num=513,https://science.sciencemag.org/content/330/6003/493,https://plants.jstor.org/compilation/lycium.oxycarpum
Lycium,pilifolium,2.6944,712.254902,17.5520552,25.83755267,9.230330548,0.980629909,20533.58676,2.858011411,28.78196347,SC,shrub,Kew_SID,Goldberg et al. (2010),GBIF,http://data.kew.org/sid/SidServlet?ID=53145&Num=Ja8,https://science.sciencemag.org/content/330/6003/493,https://www.gbif.org/species/3802959
Lycium,richii,0.33,366.9565217,21.295018,26.87445263,13.76687407,1.558489968,18627.95278,2.929587367,18.96388889,SC,shrub,Kew_SID,Goldberg et al. (2010),K. Engemann et al. (2016),http://data.kew.org/sid/SidServlet?ID=14594&Num=ysj,https://science.sciencemag.org/content/330/6003/493,https://esajournals.onlinelibrary.wiley.com/doi/full/10.1002/ecy.1569
Lycium,schizocalyx,2.5156,708.3552632,18.45291599,26.15108329,10.32404822,1.11236046,20103.43333,2.765069304,31.2469697,SI,shrub,Kew_SID,Goldberg et al. (2010),GBIF,http://data.kew.org/sid/SidServlet?ID=14595&Num=9kQ,https://science.sciencemag.org/content/330/6003/493,https://www.gbif.org/species/3802664
Lycium,schweinfurthii,1.8248,334.9705882,18.7598576,24.68936691,14.10923172,1.449207643,18784.12563,3.31120127,34.47462406,SC,shrub,Kew_SID,Goldberg et al. (2010),GBIF,http://data.kew.org/sid/SidServlet?ID=60770&Num=NX2,https://science.sciencemag.org/content/330/6003/493,https://www.gbif.org/species/3802664
Lycium,shawii,0.924,433.3291139,22.80339947,28.47809473,16.01466642,1.37532618,19741.51121,2.938810613,12.5182212,SC,shrub,Kew_SID,Goldberg et al. (2010),GBIF,http://data.kew.org/sid/SidServlet?ID=14596&Num=Yih,https://science.sciencemag.org/content/330/6003/493,https://www.gbif.org/species/7300058
Nicotiana,acuminata,0.098,526.7234043,11.03678561,17.08326766,4.845734539,0.849677238,15768.00911,3.314529795,61.22526042,SC,herb,Kew_SID,Goldberg et al. (2010),K. Engemann et al. (2016),http://data.kew.org/sid/SidServlet?ID=16110&Num=TZ8,https://science.sciencemag.org/content/330/6003/493,https://esajournals.onlinelibrary.wiley.com/doi/full/10.1002/ecy.1569
Nicotiana,affinis,0.1,269,7.689296,13.11926575,3.584128776,0.893592775,12633.72917,3.1115528,102.1041667,SC,herb,Kew_SID,Goldberg et al. (2010),GBIF,http://data.kew.org/sid/SidServlet?ID=16111&Num=6OL,https://science.sciencemag.org/content/330/6003/493,https://www.gbif.org/species/9791325
Nicotiana,africana,0.08,560.75,17.76350075,26.34712675,11.68526515,1.000708905,19517.53125,2.86492715,24.61458333,SC,herb,Kew_SID,Goldberg et al. (2010),GBIF,http://data.kew.org/sid/SidServlet?ID=40042&Num=8oW,https://science.sciencemag.org/content/330/6003/493,https://www.gbif.org/species/3800624
Nicotiana,alata,0.1,329.5704225,10.66075715,14.22911154,5.834119662,1.054818998,11308.20761,3.635671511,73.56925566,SC,herb,Kew_SID,Goldberg et al. (2010),K. Engemann et al. (2016),http://data.kew.org/sid/SidServlet?ID=16112&Num=SPA,https://science.sciencemag.org/content/330/6003/493,https://esajournals.onlinelibrary.wiley.com/doi/full/10.1002/ecy.1569
Nicotiana,attenuata,0.135,347.8275862,10.27353903,17.30512216,2.395026847,0.644461648,16691.87294,3.363340739,35.7326856,SC,herb,Kew_SID,Goldberg et al. (2010),GBIF,http://data.kew.org/sid/SidServlet?ID=16113&Num=sok,https://science.sciencemag.org/content/330/6003/493,https://www.gbif.org/species/2928765
Nicotiana,benthamiana,0.0512,666.7202073,24.85137659,31.97582289,17.71126362,1.226637128,21889.88907,3.138598485,36.86958874,SC,herb,Kew_SID,Goldberg et al. (2010),GBIF,http://data.kew.org/sid/SidServlet?ID=40043&Num=eaY,https://science.sciencemag.org/content/330/6003/493,https://www.gbif.org/species/3800423
Nicotiana,corymbosa,0.138,769.3181818,6.065101273,12.29989197,0.639323856,0.535319442,15533.43981,5.098877769,39.07407407,SC,herb,Kew_SID,Goldberg et al. (2010),GBIF,http://data.kew.org/sid/SidServlet?ID=44463&Num=b9p,https://science.sciencemag.org/content/330/6003/493,https://www.gbif.org/species/7299708
Nicotiana,excelsior,0.1408,701.1967213,20.17824308,26.9300849,13.21288283,0.849738264,21263.65269,3.894601207,25.08782435,SI,herb,Kew_SID,Goldberg et al. (2010),GBIF,http://data.kew.org/sid/SidServlet?ID=60840&Num=1Y3,https://science.sciencemag.org/content/330/6003/493,https://www.gbif.org/species/2928757
Nicotiana,forsteri,0.0708,605.5,18.19089215,23.152204,13.23013957,1.517022216,17670.36667,3.46428492,101.975,SC,herb,Kew_SID,Goldberg et al. (2010),GBIF,http://data.kew.org/sid/SidServlet?ID=53147&Num=yd5,https://science.sciencemag.org/content/330/6003/493,https://www.gbif.org/species/3800011
Nicotiana,glauca,0.044,516.4833086,18.1212221,23.80040068,11.61746028,1.244971807,17841.34774,3.310604528,41.17458827,SC,shrub,Kew_SID,Goldberg et al. (2010),K. Engemann et al. (2016),http://data.kew.org/sid/SidServlet?ID=16117&Num=9sF,https://science.sciencemag.org/content/330/6003/493,https://esajournals.onlinelibrary.wiley.com/doi/full/10.1002/ecy.1569
Nicotiana,glutinosa,0.0424,581.627907,15.55218347,24.34608578,12.51584773,1.696476653,15229.03714,2.385542252,78.92210146,SC,herb,Kew_SID,Goldberg et al. (2010),K. Engemann et al. (2016),http://data.kew.org/sid/SidServlet?ID=16118&Num=73H,https://science.sciencemag.org/content/330/6003/493,https://esajournals.onlinelibrary.wiley.com/doi/full/10.1002/ecy.1569
Nicotiana,goodspeedii,0.0916,733.7034884,17.61166543,23.97856585,11.03998368,1.062328591,18938.78972,4.015794074,23.8879056,SC,herb,Kew_SID,Goldberg et al. (2010),GBIF,http://data.kew.org/sid/SidServlet?ID=40044&Num=K46,https://science.sciencemag.org/content/330/6003/493,https://www.gbif.org/species/3799915
Nicotiana,gossei,0.0784,685.05,20.96205957,27.93692981,13.89899179,0.907068816,21690.11086,3.461392761,27.15476191,SC,herb,Kew_SID,Goldberg et al. (2010),HERBALISTICS_PSH,http://data.kew.org/sid/SidServlet?ID=16119&Num=agV,https://science.sciencemag.org/content/330/6003/493,https://herbalistics.com.au/thumb_img_8487_1024/
Nicotiana,longibracteata,0.298,730.8,7.2178584,14.7457918,-0.31051258,0.430344182,17970.68333,5.08821234,19.33333333,SI,herb,Kew_SID,Goldberg et al. (2010),GBIF,http://data.kew.org/sid/SidServlet?ID=53148&Num=4Hy,https://science.sciencemag.org/content/330/6003/493,https://www.gbif.org/species/3799737
Nicotiana,maritima,0.166,744.8671329,16.30496119,20.94897803,11.1617033,1.141501846,17979.54312,4.760405501,41.91157946,SI,herb,Kew_SID,Goldberg et al. (2010),GBIF,http://data.kew.org/sid/SidServlet?ID=40054&Num=CZ9,https://science.sciencemag.org/content/330/6003/493,https://www.gbif.org/species/3799661
Nicotiana,megalosiphon,0.3114,690.1636364,21.56160961,28.99703095,14.71051619,1.256411208,20387.95721,2.632431343,42.36486486,SC,herb,Kew_SID,Goldberg et al. (2011),GBIF,http://data.kew.org/sid/SidServlet?ID=40054&Num=CZ10,https://science.sciencemag.org/content/330/6003/494,https://www.gbif.org/species/7299624
Nicotiana,monoschizocarpa,0.036,636.9090909,26.01771318,32.47953423,19.12898494,2.089444109,20582.3619,2.362385089,106.4238095,SI,herb,Kew_SID,Goldberg et al. (2010),eFloraSA,http://data.kew.org/sid/SidServlet?ID=53150&Num=2DO,https://science.sciencemag.org/content/330/6003/493,http://www.flora.sa.gov.au/efsa/lucid/Solanaceae/Nicotiana%20species/key/Australian%20Nicotiana%20species/Media/Html/Nicotiana_monoschizocarpa.htm
Nicotiana,obtusifolia,0.048,349.4215054,18.74568794,27.24216883,11.27548211,0.891896266,19141.75204,3.128178507,24.07565511,SI,herb,Kew_SID,Goldberg et al. (2010),GBIF,http://data.kew.org/sid/SidServlet?ID=16122&Num=7QK,https://science.sciencemag.org/content/330/6003/493,https://www.gbif.org/species/8279512
Nicotiana,occidentalis,0.113,695.6317016,22.05224547,28.5015661,14.91287828,1.131654903,21053.125,3.683015812,24.0158046,SI,herb,Kew_SID,Goldberg et al. (2010),GBIF,http://data.kew.org/sid/SidServlet?ID=16124&Num=sbe,https://science.sciencemag.org/content/330/6003/493,https://www.gbif.org/species/7299594
Nicotiana,plumbaginifolia,0.0224,469.3106796,21.83678281,27.17476984,17.68734867,2.077289459,16455.38318,2.654419349,150.5780662,SI,herb,Kew_SID,Goldberg et al. (2010),K. Engemann et al. (2016),http://data.kew.org/sid/SidServlet?ID=16125&Num=vO0,https://science.sciencemag.org/content/330/6003/493,https://esajournals.onlinelibrary.wiley.com/doi/full/10.1002/ecy.1569
Nicotiana,quadrivalvis,0.114,334.5,15.25581512,21.92411898,7.662801133,0.996951904,16931.45745,3.137351768,52.035461,SI,herb,Kew_SID,Goldberg et al. (2010),K. Engemann et al. (2016),http://data.kew.org/sid/SidServlet?ID=16126&Num=R89,https://science.sciencemag.org/content/330/6003/493,https://esajournals.onlinelibrary.wiley.com/doi/full/10.1002/ecy.1569
Nicotiana,repanda,0.0552,378.0819672,20.5410939,27.21526373,14.664692,1.680204929,16826.90041,3.514034218,51.30081301,SI,herb,Kew_SID,Goldberg et al. (2010),K. Engemann et al. (2016),http://data.kew.org/sid/SidServlet?ID=53151&Num=agV,https://science.sciencemag.org/content/330/6003/493,https://esajournals.onlinelibrary.wiley.com/doi/full/10.1002/ecy.1569
Nicotiana,simulans,0.1032,707.751693,20.72733316,27.22451068,13.5908018,0.946875387,20520.17208,3.419499567,23.78439631,SI,herb,Kew_SID,Goldberg et al. (2010),eFloraSA,http://data.kew.org/sid/SidServlet?ID=40057&Num=2D7,https://science.sciencemag.org/content/330/6003/493,http://www.flora.sa.gov.au/efsa/lucid/Solanaceae/Nicotiana%20species/key/Australian%20Nicotiana%20species/Media/Html/Nicotiana_simulans.htm
Nicotiana,solanifolia,0.0876,704.8461538,14.79497762,19.6897876,8.1361628,0.951101923,18321.17917,4.25509511,27.25416667,SC,herb,Kew_SID,Goldberg et al. (2010),GBIF,http://data.kew.org/sid/SidServlet?ID=16129&Num=sOZ,https://science.sciencemag.org/content/330/6003/493,https://www.gbif.org/species/3799125
Nicotiana,suaveolens,0.1015,722.1846847,16.25914858,21.32372503,10.0160707,1.091212164,16970.26128,3.535795548,52.11328321,SC,herb,Kew_SID,Goldberg et al. (2010),GBIF,http://data.kew.org/sid/SidServlet?ID=53152&Num=7Cc,https://science.sciencemag.org/content/330/6003/493,https://www.gbif.org/species/2928764
Nicotiana,tabacum,0.07,433.0567246,17.62145217,21.37738375,11.534211,1.415853938,15183.40439,2.806377371,86.49650994,SI,shrub,Kew_SID,Goldberg et al. (2010),GBIF,http://data.kew.org/sid/SidServlet?ID=16131&Num=9n1,https://science.sciencemag.org/content/330/6003/493,https://www.gbif.org/species/2928774
Nicotiana,trigonophylla,0.049,371.3063063,18.83148241,26.76481759,10.9104121,1.117484544,18595.6824,2.994532808,32.22123894,SI,herb,Kew_SID,Goldberg et al. (2010),GBIF,http://data.kew.org/sid/SidServlet?ID=16132&Num=FeB,https://science.sciencemag.org/content/330/6003/493,https://www.gbif.org/species/2928776
Nicotiana,truncata,0.0628,715,20.88770222,28.27162112,13.79909846,0.880441135,20839.97619,4.059612814,18.00793651,SC,herb,Kew_SID,Goldberg et al. (2010),GBIF,http://data.kew.org/sid/SidServlet?ID=40056&Num=yEp,https://science.sciencemag.org/content/330/6003/493,https://www.gbif.org/species/3798897
Nicotiana,umbratica,0.02,660.04,24.49383336,32.97516861,18.45103547,1.158717247,22110.39474,3.022262034,29.47587719,SC,herb,Kew_SID,Goldberg et al. (2010),eFloraSA,http://data.kew.org/sid/SidServlet?ID=16133&Num=bDD,https://science.sciencemag.org/content/330/6003/493,http://www.flora.sa.gov.au/efsa/lucid/Solanaceae/Nicotiana%20species/key/Australian%20Nicotiana%20species/Media/Html/Nicotiana_umbratica.htm
Nicotiana,undulata,0.202,649.9056604,9.684903381,20.76737281,6.08618879,1.130686547,16739.27928,2.655824732,77.70795796,SI,herb,Kew_SID,Goldberg et al. (2010),GBIF,http://data.kew.org/sid/SidServlet?ID=53153&Num=nNL,https://science.sciencemag.org/content/330/6003/493,https://www.gbif.org/species/7987710
Nicotiana,velutina,0.103,712.4658972,20.44647842,26.73660798,13.14342783,0.958508603,20094.21427,3.429132406,21.70179312,SI,herb,Kew_SID,Goldberg et al. (2010),GBIF,http://data.kew.org/sid/SidServlet?ID=16134&Num=E26,https://science.sciencemag.org/content/330/6003/493,https://www.gbif.org/species/3798835
Petunia,exserta,0.042,704.2222222,18.787024,24.00137553,13.8638744,1.644573572,15226.75709,2.758931236,125.2748227,SC,herb,Kew_SID,Goldberg et al. (2010),GBIF,http://data.kew.org/sid/SidServlet?ID=57146&Num=npC,https://science.sciencemag.org/content/330/6003/493,https://www.gbif.org/species/3803157
Petunia,hybrida,0.14,272.4102564,10.05844238,12.28114613,4.503308789,0.95125218,10789.96391,3.724881113,61.56538171,SC,herb,Kew_SID,Goldberg et al. (2010),K. Engemann et al. (2016),http://data.kew.org/sid/SidServlet?ID=17426&Num=0p8,https://science.sciencemag.org/content/330/6003/493,https://esajournals.onlinelibrary.wiley.com/doi/full/10.1002/ecy.1569
Petunia,parviflora,0.049,414.5549133,17.72283264,24.83167814,9.834969392,1.169571144,17699.9554,2.823457223,47.99374022,SC,herb,Kew_SID,Goldberg et al. (2010),GBIF,http://data.kew.org/sid/SidServlet?ID=17427&Num=8Dq,https://science.sciencemag.org/content/330/6003/493,https://www.gbif.org/species/2928906
Petunia,altiplana,0.0157,709.6428571,15.6455642,20.26969482,10.26851422,1.418694284,13849.35917,2.413401403,135.4966667,SI,herb,Morokawa et al. (2005),Morokawa et al. (2005),GBIF,https://ci.nii.ac.jp/naid/10019589222,https://ci.nii.ac.jp/naid/10019589222,https://www.gbif.org/species/3803282
Petunia,bajeensis,0.0091,716.1666667,19.8413034,24.10257743,13.72675506,1.60407362,15526.53105,3.039754914,119.627451,SI,herb,Morokawa et al. (2005),Morokawa et al. (2005),GBIF,https://ci.nii.ac.jp/naid/10019589222,https://ci.nii.ac.jp/naid/10019589222,https://www.gbif.org/species/3803229
Petunia,bonjardinensisi,0.13,709,14.57058097,19.56637909,9.574795656,1.360508275,13989.99219,2.644619806,137.3020833,SI,herb,Morokawa et al. (2005),Morokawa et al. (2005),GBIF,https://ci.nii.ac.jp/naid/10019589222,https://ci.nii.ac.jp/naid/10019589222,https://www.gbif.org/species/3803222
Petunia,guarapuavensis,0.0103,695.0344828,17.2032155,23.1326225,11.09279083,1.529037796,14650.40224,2.189979938,143.9871795,SI,herb,Morokawa et al. (2005),Morokawa et al. (2005),GBIF,https://ci.nii.ac.jp/naid/10019589222,https://ci.nii.ac.jp/naid/10019589222,https://www.gbif.org/species/3803139
Petunia,inflata,0.0069,674.4390244,19.33769528,24.35371626,13.05750187,1.650467981,15397.78531,2.842351409,119.7012712,SI,herb,Morokawa et al. (2005),Morokawa et al. (2005),K. Engemann et al. (2016),https://ci.nii.ac.jp/naid/10019589222,https://ci.nii.ac.jp/naid/10019589222,https://esajournals.onlinelibrary.wiley.com/doi/full/10.1002/ecy.1569
Petunia,integrifolia,0.0077,639.6986301,17.76768582,22.41692596,12.47054022,1.583243299,14572.19158,3.045618213,115.3737542,SI,herb,Morokawa et al. (2005),Morokawa et al. (2005),K. Engemann et al. (2016),https://ci.nii.ac.jp/naid/10019589222,https://ci.nii.ac.jp/naid/10019589222,https://esajournals.onlinelibrary.wiley.com/doi/full/10.1002/ecy.1569
Petunia,interior,0.0107,702.2777778,18.61152769,24.42471396,12.10705241,1.577585536,15305.82865,2.369203413,160.2743446,SI,herb,Morokawa et al. (2005),Morokawa et al. (2005),GBIF,https://ci.nii.ac.jp/naid/10019589222,https://ci.nii.ac.jp/naid/10019589222,https://www.gbif.org/species/3803062
Petunia,littoralis,0.0135,719,19.291758,23.292948,15.288783,1.8325092,14559.66667,3.392125,124.25,SI,herb,Morokawa et al. (2005),Morokawa et al. (2005),GBIF,https://ci.nii.ac.jp/naid/10019589222,https://ci.nii.ac.jp/naid/10019589222,https://www.gbif.org/species/3803006
Petunia,mantiqueirensis,0.0183,673.5,17.47895483,21.77299338,9.919700548,1.483589624,14718.73016,2.053156662,137.968254,SI,herb,Morokawa et al. (2005),Morokawa et al. (2005),GBIF,https://ci.nii.ac.jp/naid/10019589222,https://ci.nii.ac.jp/naid/10019589222,https://www.gbif.org/species/3802979
Petunia,occidentalis,0.0028,685.2352941,18.66216406,24.87765058,12.02393569,1.412380219,16770.5303,2.339142006,64.32323232,SC,herb,Morokawa et al. (2005),Morokawa et al. (2005),GBIF,https://ci.nii.ac.jp/naid/10019589222,https://ci.nii.ac.jp/naid/10019589222,https://www.gbif.org/species/3802927
Petunia,reitzii,0.0125,689.6,17.4697742,20.50632618,10.52401936,1.476197736,14022.90909,2.364162882,144.2727273,SI,herb,Morokawa et al. (2005),Morokawa et al. (2005),GBIF,https://ci.nii.ac.jp/naid/10019589222,https://ci.nii.ac.jp/naid/10019589222,https://www.gbif.org/species/3802816
Petunia,riograndensis,0.0158,725.7,18.27247623,22.91742951,13.29042884,1.606256624,14850.41667,2.515198218,121.7401961,SI,herb,Morokawa et al. (2005),Morokawa et al. (2005),GBIF,https://ci.nii.ac.jp/naid/10019589222,https://ci.nii.ac.jp/naid/10019589222,https://www.gbif.org/species/3802806
Petunia,saxicola,0.0123,705,16.047043,21.18048,10.9123335,1.5158311,13325.83333,2.1974165,131.75,SI,herb,Morokawa et al. (2005),Morokawa et al. (2005),GBIF,https://ci.nii.ac.jp/naid/10019589222,https://ci.nii.ac.jp/naid/10019589222,https://www.gbif.org/species/3802791
Petunia,scheideana,0.0183,695.0571429,17.05192314,22.31270998,11.27766464,1.530078728,14206.02516,2.082086045,137.6792453,SI,herb,Morokawa et al. (2005),Morokawa et al. (2005),GBIF,https://ci.nii.ac.jp/naid/10019589222,https://ci.nii.ac.jp/naid/10019589222,https://www.gbif.org/species/3802774
Physalis,acutifolia,1.124,361.3229814,20.58467842,28.79900633,11.98279201,1.200112329,18558.03502,2.766404232,38.85386473,SI,herb,Kew_SID,Goldberg et al. (2010),K. Engemann et al. (2016),http://data.kew.org/sid/SidServlet?ID=57147&Num=146,https://science.sciencemag.org/content/330/6003/493,https://esajournals.onlinelibrary.wiley.com/doi/full/10.1002/ecy.1569
Physalis,alkekengi,1.4755,241.3412903,9.235182725,13.52565339,5.092665492,0.946973747,11503.6259,3.399386738,64.29830044,SI,shrub,Kew_SID,Goldberg et al. (2010),GBIF,http://data.kew.org/sid/SidServlet?ID=17692&Num=fjQ,https://science.sciencemag.org/content/330/6003/493,https://www.gbif.org/species/5341813
Physalis,angulata,1.122,522.2570888,23.16853773,28.6690372,18.45359583,2.148106984,17415.49455,2.497505278,122.9949591,SI,herb,Kew_SID,Goldberg et al. (2010),K. Engemann et al. (2016),http://data.kew.org/sid/SidServlet?ID=17694&Num=Oap,https://science.sciencemag.org/content/330/6003/493,https://esajournals.onlinelibrary.wiley.com/doi/full/10.1002/ecy.1569
Physalis,cinerascens,1.1516,391.3584906,19.44726389,24.9162427,11.30450486,1.360310698,17399.025,3.477396375,58.4,SI,herb,Kew_SID,Goldberg et al. (2010),K. Engemann et al. (2016),http://data.kew.org/sid/SidServlet?ID=53167&Num=JD4,https://science.sciencemag.org/content/330/6003/493,https://esajournals.onlinelibrary.wiley.com/doi/full/10.1002/ecy.1569
Physalis,cordata,0.5644,447.32,22.77465402,27.95921947,18.29810479,2.301784437,17983.46684,2.65263938,157.9227749,SC,herb,Kew_SID,Goldberg et al. (2010),K. Engemann et al. (2016),http://data.kew.org/sid/SidServlet?ID=53168&Num=Yp1,https://science.sciencemag.org/content/330/6003/493,https://esajournals.onlinelibrary.wiley.com/doi/full/10.1002/ecy.1569
Physalis,crassifolia,0.9008,348.2786378,20.08419552,27.44129816,12.05601448,0.911960654,19222.54763,3.229567452,18.30504234,SC,herb,Kew_SID,Goldberg et al. (2010),K. Engemann et al. (2016),http://data.kew.org/sid/SidServlet?ID=60030&Num=fEh,https://science.sciencemag.org/content/330/6003/493,https://esajournals.onlinelibrary.wiley.com/doi/full/10.1002/ecy.1569
Physalis,hederifolia,2.0904,471.0490196,15.87648529,22.06690927,8.773200291,0.972833614,17237.23397,3.552231793,41.10561148,SC,herb,Kew_SID,Goldberg et al. (2010),K. Engemann et al. (2016),http://data.kew.org/sid/SidServlet?ID=57148&Num=Kb4,https://science.sciencemag.org/content/330/6003/493,https://esajournals.onlinelibrary.wiley.com/doi/full/10.1002/ecy.1569
Physalis,heterophylla,2.023,297.5691769,10.51774784,16.08817089,4.846876912,1.03994235,13912.10743,3.714113068,83.36556112,SC,herb,Kew_SID,Goldberg et al. (2010),K. Engemann et al. (2016),http://data.kew.org/sid/SidServlet?ID=17696&Num=CFA,https://science.sciencemag.org/content/330/6003/493,https://esajournals.onlinelibrary.wiley.com/doi/full/10.1002/ecy.1569
Physalis,ixocarpa,1.94,559.0304878,16.93048345,22.61842412,11.51405314,1.384327586,16481.21015,2.883015164,85.18357488,SI,herb,Kew_SID,Goldberg et al. (2010),K. Engemann et al. (2016),http://data.kew.org/sid/SidServlet?ID=17697&Num=hnO,https://science.sciencemag.org/content/330/6003/493,https://esajournals.onlinelibrary.wiley.com/doi/full/10.1002/ecy.1569
Physalis,lagascae,0.838,471.1088083,23.74182646,29.64040472,18.23630164,2.090357206,18159.31878,2.13636355,108.2194323,SC,herb,Kew_SID,Goldberg et al. (2010),K. Engemann et al. (2016),http://data.kew.org/sid/SidServlet?ID=44466&Num=p5t,https://science.sciencemag.org/content/330/6003/493,https://esajournals.onlinelibrary.wiley.com/doi/full/10.1002/ecy.1569
Physalis,lanceolata,1.369,348.0714286,13.53578554,19.52216242,6.029942675,1.092243057,16014.61111,3.332725592,62.46527778,SI,herb,Kew_SID,Goldberg et al. (2010),GBIF,http://data.kew.org/sid/SidServlet?ID=17698&Num=H53,https://science.sciencemag.org/content/330/6003/493,https://www.gbif.org/species/5341790
Physalis,leptophylla,1.1204,401.4313725,22.72168306,30.34431563,15.40867052,1.655288371,18401.7119,2.186201883,66.87142857,SC,herb,Kew_SID,Goldberg et al. (2010),K. Engemann et al. (2016),http://data.kew.org/sid/SidServlet?ID=53169&Num=6dP,https://science.sciencemag.org/content/330/6003/493,https://esajournals.onlinelibrary.wiley.com/doi/full/10.1002/ecy.1569
Physalis,longifolia,0.97,342.3412322,11.95644448,18.51422963,5.700924123,0.977484497,15287.96345,3.513313692,62.12397661,SI,herb,Kew_SID,Goldberg et al. (2010),K. Engemann et al. (2016),http://data.kew.org/sid/SidServlet?ID=44467&Num=sSz,https://science.sciencemag.org/content/330/6003/493,https://esajournals.onlinelibrary.wiley.com/doi/full/10.1002/ecy.1569
Physalis,maxima,0.89,437.9230769,22.42854679,29.168936,16.1947792,1.881882623,17463.26894,2.190844686,80.96590909,SC,herb,Kew_SID,Goldberg et al. (2010),GBIF,http://data.kew.org/sid/SidServlet?ID=39408&Num=uOo,https://science.sciencemag.org/content/330/6003/493,https://www.gbif.org/species/5581270
Physalis,nicandroides,2.2,427.9683544,20.31932928,26.96830074,13.29898834,1.538560109,18296.94239,2.168491395,80.84619342,SI,herb,Kew_SID,Goldberg et al. (2010),K. Engemann et al. (2016),http://data.kew.org/sid/SidServlet?ID=17700&Num=hzd,https://science.sciencemag.org/content/330/6003/493,https://esajournals.onlinelibrary.wiley.com/doi/full/10.1002/ecy.1569
Physalis,patula,1.629,418.3802817,16.70889336,24.15094903,8.177634478,1.070441185,18076.21959,2.412261276,51.56981982,SI,herb,Kew_SID,Goldberg et al. (2010),K. Engemann et al. (2016),http://data.kew.org/sid/SidServlet?ID=44468&Num=b9a,https://science.sciencemag.org/content/330/6003/493,https://esajournals.onlinelibrary.wiley.com/doi/full/10.1002/ecy.1569
Physalis,peruviana,0.852,432.9965378,12.71882068,16.28665235,8.824448743,1.198986604,12922.10041,3.952689215,84.38163562,SC,herb,Kew_SID,Goldberg et al. (2010),GBIF,http://data.kew.org/sid/SidServlet?ID=17701&Num=moy,https://science.sciencemag.org/content/330/6003/493,https://www.gbif.org/species/5341784
Physalis,philadelphica,1.529,350.8190955,14.81558975,20.58919495,8.861768343,1.208128803,14970.01189,2.77626351,72.34823848,SI,herb,Kew_SID,Goldberg et al. (2010),K. Engemann et al. (2016),http://data.kew.org/sid/SidServlet?ID=17702&Num=28V,https://science.sciencemag.org/content/330/6003/493,https://esajournals.onlinelibrary.wiley.com/doi/full/10.1002/ecy.1569
Physalis,pruinosa,0.82,491.8359375,21.79115489,27.82302944,16.23603168,1.889336515,17979.48148,2.515651338,97.22280093,SC,herb,Kew_SID,Goldberg et al. (2010),K. Engemann et al. (2016),http://data.kew.org/sid/SidServlet?ID=17703&Num=O72,https://science.sciencemag.org/content/330/6003/493,https://esajournals.onlinelibrary.wiley.com/doi/full/10.1002/ecy.1569
Physalis,pubescens,0.636,484.3476821,21.15552262,27.00603953,16.35949027,2.031648003,16738.24057,2.496830843,140.9540509,SI,herb,Kew_SID,Goldberg et al. (2010),K. Engemann et al. (2016),http://data.kew.org/sid/SidServlet?ID=17704&Num=vc2,https://science.sciencemag.org/content/330/6003/493,https://esajournals.onlinelibrary.wiley.com/doi/full/10.1002/ecy.1569
Physalis,pumila,1.5284,310.047619,12.98252094,19.18217275,7.083208084,1.146406086,15225.67715,4.307952958,79.26048565,SC,herb,Kew_SID,Goldberg et al. (2010),K. Engemann et al. (2016),http://data.kew.org/sid/SidServlet?ID=53170&Num=wlo,https://science.sciencemag.org/content/330/6003/493,https://esajournals.onlinelibrary.wiley.com/doi/full/10.1002/ecy.1569
Physalis,virginiana,1.53,305.6872727,11.07848109,16.95244389,4.736848425,1.039151311,14578.13328,3.546967462,73.70192308,SC,herb,Kew_SID,Goldberg et al. (2010),K. Engemann et al. (2016),http://data.kew.org/sid/SidServlet?ID=17707&Num=QYO,https://science.sciencemag.org/content/330/6003/493,https://esajournals.onlinelibrary.wiley.com/doi/full/10.1002/ecy.1569
Physalis,viscosa,0.445,659.7061995,18.51139621,24.62178164,12.09414773,1.47029515,16843.54988,3.129449365,74.3162963,SI,herb,Kew_SID,Goldberg et al. (2010),K. Engemann et al. (2016),http://data.kew.org/sid/SidServlet?ID=17708&Num=AZr,https://science.sciencemag.org/content/330/6003/493,https://esajournals.onlinelibrary.wiley.com/doi/full/10.1002/ecy.1569
Schizanthus,alpestris,0.436,728.8333333,11.4412374,15.99543791,4.042354036,0.787574842,17155.2803,2.949802755,63.04545455,SI,herb,Kew_SID,Goldberg et al. (2010),GBIF,http://data.kew.org/sid/SidServlet?ID=36642&Num=Pa3,https://science.sciencemag.org/content/330/6003/493,https://www.gbif.org/species/7299384
Schizanthus,candidus,0.5482,715.6,14.0641823,19.11399579,7.620518993,0.968267636,17408.88095,3.883668064,33.60119048,SC,herb,Kew_SID,Goldberg et al. (2010),GBIF,http://data.kew.org/sid/SidServlet?ID=20666&Num=sSl,https://science.sciencemag.org/content/330/6003/493,https://www.gbif.org/species/3798199
Schizanthus,grahamii,1.2261,724.2285714,5.683563066,13.25901812,1.062010054,0.571152749,16143.33657,3.917196073,57.19174757,SI,herb,Kew_SID,Goldberg et al. (2010),GBIF,http://data.kew.org/sid/SidServlet?ID=20667&Num=vPd,https://science.sciencemag.org/content/330/6003/493,https://www.gbif.org/species/3798128
Schizanthus,hookeri,1.5,727.7916667,6.515195954,13.68541806,1.727357548,0.626184358,16082.86111,3.557806073,74.1729798,SC,herb,Kew_SID,Goldberg et al. (2010),GBIF,http://data.kew.org/sid/SidServlet?ID=20668&Num=1Q3,https://science.sciencemag.org/content/330/6003/493,https://www.gbif.org/species/7299359
Schizanthus,integrifolius,1.3724,723.25,8.183619875,13.955484,2.67127484,0.616970444,19094.91667,3.38385822,31.4,SC,herb,Kew_SID,Goldberg et al. (2010),GBIF,http://data.kew.org/sid/SidServlet?ID=44469&Num=MG5,https://science.sciencemag.org/content/330/6003/493,https://www.gbif.org/species/3798088
Schizanthus,lacteus,0.9068,697.5714286,15.306354,19.140464,8.235264775,0.975627533,18171.66667,4.168224325,27.5,SC,herb,Kew_SID,Goldberg et al. (2010),GBIF,http://data.kew.org/sid/SidServlet?ID=20669&Num=imw,https://science.sciencemag.org/content/330/6003/493,https://www.gbif.org/species/3798073
Schizanthus,litoralis,0.4924,727.5625,14.17984734,18.91693505,8.04911661,1.064133931,16638.47083,3.011117185,28.34166667,SC,herb,Kew_SID,Goldberg et al. (2010),GBIF,http://data.kew.org/sid/SidServlet?ID=20670&Num=Dzo,https://science.sciencemag.org/content/330/6003/493,https://www.gbif.org/occurrence/2397688459
Schizanthus,pinnatus,0.489,463.4848485,9.780036018,14.69259477,4.400959289,0.892220536,13266.8758,3.260319273,59.85817308,SC,herb,Kew_SID,Goldberg et al. (2010),K. Engemann et al. (2016),http://data.kew.org/sid/SidServlet?ID=20671&Num=ZMS,https://science.sciencemag.org/content/330/6003/493,https://esajournals.onlinelibrary.wiley.com/doi/full/10.1002/ecy.1569
Schizanthus,wisetonensis,0.5,204,6.283995718,9.911647818,2.656846004,0.828941483,9835.416667,3.682161991,57.56060606,SC,herb,Kew_SID,Goldberg et al. (2010),GBIF,http://data.kew.org/sid/SidServlet?ID=20673&Num=33L,https://science.sciencemag.org/content/330/6003/493,https://www.gbif.org/species/3797950
Solanum,acanthodapis,0.9072289,711.625,19.2364545,23.95541388,14.212854,1.643264258,17697.8559,3.475889808,133.9479167,SI,herb,Kew_SID,Goldberg et al. (2010),GBIF,http://data.kew.org/sid/SidServlet?ID=53173&Num=xag,https://science.sciencemag.org/content/330/6003/493,https://www.gbif.org/species/2931505
Solanum,aethiopicum,2.7,505.0361174,24.39811348,30.36491675,20.05061359,2.317916514,16972.74807,1.662472188,106.4815779,SC,herb,Kew_SID,Goldberg et al. (2010),GBIF,http://data.kew.org/sid/SidServlet?ID=21651&Num=3fi,https://science.sciencemag.org/content/330/6003/493,https://www.gbif.org/species/2929847
Solanum,agnewiorum,9.832,542.1428571,18.20351729,23.23636663,12.81433295,1.499081479,17172.6886,2.601089784,125.4385965,SC,herb,Kew_SID,Goldberg et al. (2010),GBIF,http://data.kew.org/sid/SidServlet?ID=53174&Num=L21,https://science.sciencemag.org/content/330/6003/493,https://www.gbif.org/species/7437208
Solanum,amblymerum,0.9964,722.016,16.10386522,21.64093954,9.738751717,1.180843968,17748.71038,3.00587911,69.2617096,SI,herb,Kew_SID,Goldberg et al. (2010),GBIF,http://data.kew.org/sid/SidServlet?ID=53175&Num=b9g,https://science.sciencemag.org/content/330/6003/493,https://www.gbif.org/species/2930415
Solanum,anguivi,2.36,534.7270115,21.37728828,26.56348143,15.6197861,1.867384514,17247.47867,1.962714647,116.7828336,SC,shrub,Kew_SID,Goldberg et al. (2010),GBIF,http://data.kew.org/sid/SidServlet?ID=36741&Num=0kE,https://science.sciencemag.org/content/330/6003/493,https://www.gbif.org/species/2931542
Solanum,anomalum,1.188,515.5806452,25.20162653,30.04983717,20.33383037,2.488347999,16053.00703,1.721955088,125.9538153,SC,herb,Kew_SID,Goldberg et al. (2010),GBIF,http://data.kew.org/sid/SidServlet?ID=57350&Num=KHB,https://science.sciencemag.org/content/330/6003/493,https://www.gbif.org/species/2932635
Solanum,burchellii,2.6828,706.3942308,18.67326096,26.76715015,10.82031524,0.957085628,20797.26793,3.01438556,16.25949367,SC,shrub,Kew_SID,Goldberg et al. (2010),GBIF,http://data.kew.org/sid/SidServlet?ID=53180&Num=94i,https://science.sciencemag.org/content/330/6003/493,https://www.gbif.org/species/2929487
Solanum,campanulatum,1.2596,724.5197368,15.8733051,21.32286696,10.19239878,1.232017755,17311.09319,2.918589136,75.67523474,SC,herb,Kew_SID,Goldberg et al. (2010),GBIF,http://data.kew.org/sid/SidServlet?ID=53181&Num=qb3,https://science.sciencemag.org/content/330/6003/493,https://www.gbif.org/species/2931598
Solanum,campylacanthum,4.4168,565.6527683,21.23324924,26.44802045,14.69448541,1.700257806,17891.81319,2.410298179,80.11968106,SC,shrub,Kew_SID,Goldberg et al. (2010),GBIF,http://data.kew.org/sid/SidServlet?ID=53182&Num=RWB,https://science.sciencemag.org/content/330/6003/493,https://www.gbif.org/species/2929236
Solanum,capense,2.8512,698.6198347,17.72412688,25.15752238,10.29075833,1.100014822,19772.89636,2.787924569,43.41001401,SI,shrub,Kew_SID,Goldberg et al. (2010),GBIF,http://data.kew.org/sid/SidServlet?ID=21671&Num=YK7,https://science.sciencemag.org/content/330/6003/493,https://www.gbif.org/species/2930301
Solanum,capsiciforme,1.212,740.8255814,16.77776007,22.4689214,11.08300867,1.133603692,18636.75201,4.247593883,30.79919679,SI,shrub,Kew_SID,Goldberg et al. (2010),GBIF,http://data.kew.org/sid/SidServlet?ID=36729&Num=0KI,https://science.sciencemag.org/content/330/6003/493,https://www.gbif.org/species/2932397
Solanum,caricaefolium,0.05068,619.0398,23.59706417,29.12786962,18.06605188,2.196698734,14799.91052,2.086336974,131.7647742,SI,shrub,Kew_SID,Goldberg et al. (2010),GBIF,http://data.kew.org/sid/SidServlet?ID=44472&Num=T39,https://science.sciencemag.org/content/330/6003/493,https://www.gbif.org/species/2930325
Solanum,carolinense,2.4452,312.8205841,12.95105157,18.35930878,7.043655612,1.172721318,14082.29568,3.436585783,94.21139569,SI,shrub,Kew_SID,Goldberg et al. (2010),GBIF,http://data.kew.org/sid/SidServlet?ID=21675&Num=cx6,https://science.sciencemag.org/content/330/6003/493,https://www.gbif.org/species/2932011
Solanum,catombelense,3.0189,674.4318182,20.75841791,28.4651472,13.56039689,1.405345057,19328.05453,2.411558957,45.50806452,SC,shrub,Kew_SID,Goldberg et al. (2010),K. Engemann et al. (2016),http://data.kew.org/sid/SidServlet?ID=21677&Num=oW5,https://science.sciencemag.org/content/330/6003/493,https://esajournals.onlinelibrary.wiley.com/doi/full/10.1002/ecy.1569
Solanum,centrale,1.7272,686.1887202,22.40990383,29.84804909,15.01883827,0.957442451,21965.94152,3.422051935,25.5354536,SI,shrub,Kew_SID,Goldberg et al. (2010),FloraBase,http://data.kew.org/sid/SidServlet?ID=36728&Num=0kK,https://science.sciencemag.org/content/330/6003/493,https://florabase.dpaw.wa.gov.au/browse/profile/6995
Solanum,chenopodinum,5.477193,699.9447514,21.26507084,28.69946809,14.37953463,0.955529063,21215.7291,3.204168796,22.86171311,SI,shrub,Kew_SID,Goldberg et al. (2010),GBIF,http://data.kew.org/sid/SidServlet?ID=53185&Num=S3l,https://science.sciencemag.org/content/330/6003/493,https://www.gbif.org/species/2929649
Solanum,cinereum,2.537,732.0555556,16.15224027,22.22032272,9.963725708,1.155271263,17641.23321,2.994520338,61.88871838,SI,shrub,Kew_SID,Goldberg et al. (2010),GBIF,http://data.kew.org/sid/SidServlet?ID=21683&Num=3E0,https://science.sciencemag.org/content/330/6003/493,https://www.gbif.org/occurrence/gallery?taxon_key=2929508
Solanum,coagulans,4.753,472.8115942,25.07738334,29.90146262,17.49474744,1.666552585,19287.30825,2.73005611,35.67961165,SC,shrub,Kew_SID,Goldberg et al. (2010),UTPD,http://data.kew.org/sid/SidServlet?ID=36682&Num=0k8,https://science.sciencemag.org/content/330/6003/493,http://tropical.theferns.info/viewtropical.php?id=Solanum+coagulans
Solanum,dasyanthum,1.9528,431.4133333,24.06942932,29.92913679,18.20969392,2.216551579,18490.17444,2.660602211,91.00666667,SC,shrub,Kew_SID,Goldberg et al. (2010),GBIF,http://data.kew.org/sid/SidServlet?ID=53190&Num=15h,https://science.sciencemag.org/content/330/6003/493,https://www.gbif.org/species/2929587
Solanum,dennekense,4.0172,515.2307692,21.82445808,27.12822703,15.667511,1.663573643,18908.10278,2.416947153,52.08888889,SC,shrub,Kew_SID,Goldberg et al. (2010),GBIF,http://data.kew.org/sid/SidServlet?ID=36687&Num=0l2,https://science.sciencemag.org/content/330/6003/493,https://www.gbif.org/species/2930037
Solanum,densevestitum,1.073,715.704142,17.71910845,22.5268318,12.0011872,1.406778834,17616.56668,3.010560743,102.8685963,SC,shrub,Kew_SID,Goldberg et al. (2010),GBIF,http://data.kew.org/sid/SidServlet?ID=21691&Num=7Ot,https://science.sciencemag.org/content/330/6003/493,https://www.gbif.org/species/2929906
Solanum,dimidiatum,8.41,348.6652174,18.04088529,24.4645356,12.2091135,1.466202234,16597.62625,3.862842648,73.17060367,SC,herb,Kew_SID,Goldberg et al. (2010),K. Engemann et al. (2016),http://data.kew.org/sid/SidServlet?ID=53191&Num=oCQ,https://science.sciencemag.org/content/330/6003/493,https://esajournals.onlinelibrary.wiley.com/doi/full/10.1002/ecy.1569
Solanum,dissectum,4.0928,685.4545455,21.64812864,28.61008009,14.83225097,1.561009526,19654.61667,2.350808366,55.21190476,SI,shrub,Kew_SID,Goldberg et al. (2010),GBIF,http://data.kew.org/sid/SidServlet?ID=60597&Num=d4l,https://science.sciencemag.org/content/330/6003/493,https://www.gbif.org/species/2930669
Solanum,ditrichum,0.9731544,711.3333333,16.99968354,22.32865934,11.26935528,1.355735395,17746.74887,2.944207023,89.59309309,SI,shrub,Kew_SID,Goldberg et al. (2010),GBIF,http://data.kew.org/sid/SidServlet?ID=53193&Num=QV3,https://science.sciencemag.org/content/330/6003/493,https://www.gbif.org/species/2930433
Solanum,esuriale,2.21,722.4614883,19.17984485,25.30722025,11.94957146,1.08201217,18601.23782,3.007852515,34.80743484,SI,herb,Kew_SID,Goldberg et al. (2010),GBIF,http://data.kew.org/sid/SidServlet?ID=21699&Num=W83,https://science.sciencemag.org/content/330/6003/493,https://www.gbif.org/species/2930382
Solanum,ferocissimum,2.1352,710.0669078,19.75743746,25.69065811,12.39754107,1.096756189,19017.92275,2.841650496,41.32656737,SC,shrub,Kew_SID,Goldberg et al. (2010),GBIF,http://data.kew.org/sid/SidServlet?ID=21702&Num=WMy,https://science.sciencemag.org/content/330/6003/493,https://www.gbif.org/species/2932245
Solanum,giganteum,2.695,629.6078431,19.20945438,25.65380198,14.24568008,1.708751986,17467.33306,2.239747456,92.96330022,SC,shrub,Kew_SID,Goldberg et al. (2010),GBIF,http://data.kew.org/sid/SidServlet?ID=21706&Num=BLa,https://science.sciencemag.org/content/330/6003/493,https://www.gbif.org/species/2930578
Solanum,goetzei,3.0582,616.9545455,23.02630973,28.34147512,17.85791529,2.142819831,16571.07328,2.578813216,86.95545977,SI,shrub,Kew_SID,Goldberg et al. (2010),GBIF,http://data.kew.org/sid/SidServlet?ID=44475&Num=5fC,https://science.sciencemag.org/content/330/6003/493,https://www.gbif.org/species/2932629
Solanum,hastifolium,1.2948,524.6568627,23.75011276,29.91984429,17.75388823,1.807453241,19354.08832,2.416421309,52.61826347,SI,shrub,Kew_SID,Goldberg et al. (2010),GBIF,http://data.kew.org/sid/SidServlet?ID=36690&Num=0lA,https://science.sciencemag.org/content/330/6003/493,https://www.gbif.org/species/2932419
Solanum,humile,2.41,645.7,18.46025849,26.17132549,11.43753426,1.050113085,19852.25634,2.939904376,24.77898551,SC,shrub,Kew_SID,Goldberg et al. (2010),GBIF,http://data.kew.org/sid/SidServlet?ID=44478&Num=PXM,https://science.sciencemag.org/content/330/6003/493,https://www.gbif.org/species/2930942
Solanum,inaequilaterum,1.8154,717.372093,17.43242452,22.48748377,12.55716742,1.471863431,17560.64118,3.227736086,124.5821879,SC,shrub,Kew_SID,Goldberg et al. (2010),GBIF,http://data.kew.org/sid/SidServlet?ID=53198&Num=fN4,https://science.sciencemag.org/content/330/6003/493,https://www.gbif.org/species/2929585
Solanum,incanum,3.6,483.276824,23.46516748,29.10240167,17.11616415,1.699483454,19273.47009,2.632250305,57.43466899,SC,shrub,Kew_SID,Goldberg et al. (2010),GBIF,http://data.kew.org/sid/SidServlet?ID=21718&Num=rO9,https://science.sciencemag.org/content/330/6003/493,https://www.gbif.org/species/2929691
Solanum,johnsonianum,2.4304,686.7142857,21.53228293,28.66996467,14.73648704,1.562788147,19627.92593,2.356199884,55.64300412,SC,shrub,Kew_SID,Goldberg et al. (2010),GBIF,http://data.kew.org/sid/SidServlet?ID=60596&Num=NZh,https://science.sciencemag.org/content/330/6003/493,https://www.gbif.org/species/2930394
Solanum,kwebense,4.7372,661,21.84655264,29.51563769,13.9122595,1.370102431,19885.47917,2.302980925,35.81770833,SI,shrub,Kew_SID,Goldberg et al. (2010),GBIF,http://data.kew.org/sid/SidServlet?ID=21726&Num=5fH,https://science.sciencemag.org/content/330/6003/493,https://www.gbif.org/species/7635016
Solanum,laciniatum,2,672.2260597,12.93716661,17.37281863,8.738803583,1.093594649,14828.72507,4.894304599,69.66970387,SC,shrub,Kew_SID,Goldberg et al. (2010),K. Engemann et al. (2016),http://data.kew.org/sid/SidServlet?ID=21727&Num=qWj,https://science.sciencemag.org/content/330/6003/493,https://esajournals.onlinelibrary.wiley.com/doi/full/10.1002/ecy.1569
Solanum,lanceolatum,2.9553,436.0236407,19.67906025,25.09378028,13.3218049,1.594032722,18104.41781,2.272747434,110.6698202,SC,shrub,Kew_SID,Goldberg et al. (2010),K. Engemann et al. (2016),http://data.kew.org/sid/SidServlet?ID=21728&Num=Ie3,https://science.sciencemag.org/content/330/6003/493,https://esajournals.onlinelibrary.wiley.com/doi/full/10.1002/ecy.1569
Solanum,lanzae,2.9121649,511.7826087,20.42704322,25.7186432,12.80918498,1.53318732,18864.1821,2.143292065,69.22376543,SI,shrub,Kew_SID,Goldberg et al. (2010),GBIF,http://data.kew.org/sid/SidServlet?ID=53201&Num=Xpn,https://science.sciencemag.org/content/330/6003/493,https://www.gbif.org/species/2932902
Solanum,lichtensteinii,4.6936,687.724,18.52241118,26.01027342,11.26539329,1.292654559,19371.03097,2.436761384,54.55692168,SI,shrub,Kew_SID,Goldberg et al. (2010),GBIF,http://data.kew.org/sid/SidServlet?ID=21730&Num=482,https://science.sciencemag.org/content/330/6003/493,https://www.gbif.org/species/2930023
Solanum,linearifolium,2.5224,745.2592593,13.88335835,19.06149053,7.738942304,1.072302162,17001.00188,3.277763507,67.57188438,SI,shrub,Kew_SID,Goldberg et al. (2010),GBIF,http://data.kew.org/sid/SidServlet?ID=53203&Num=s81,https://science.sciencemag.org/content/330/6003/493,https://www.gbif.org/species/7626331
Solanum,linnaeanum,4.86,586.7647059,16.61724393,20.97302123,11.89686358,1.322937866,16582.43822,4.263817039,64.33632882,SC,shrub,Kew_SID,Goldberg et al. (2010),GBIF,http://data.kew.org/sid/SidServlet?ID=21731&Num=7H0,https://science.sciencemag.org/content/330/6003/493,https://www.gbif.org/species/2929062
Solanum,macoorai,1.2404,643.0909091,22.19538763,26.33589486,16.97606654,2.022555753,19442.25794,4.014808384,204.6579365,SC,shrub,Kew_SID,Goldberg et al. (2010),GBIF,http://data.kew.org/sid/SidServlet?ID=57156&Num=57P,https://science.sciencemag.org/content/330/6003/493,https://www.gbif.org/species/2929401
Solanum,macrocarpon,3.5,515.9662921,24.85974331,30.39434773,20.47376813,2.421576812,17000.99543,1.696164655,113.2994673,SC,shrub,Kew_SID,Goldberg et al. (2010),GBIF,http://data.kew.org/sid/SidServlet?ID=21735&Num=4QM,https://science.sciencemag.org/content/330/6003/493,https://www.gbif.org/species/2931415
Solanum,malindiense,3.0616,557.5,26.12747625,29.18124266,22.63248603,2.59789019,18035.1954,3.581159197,83.13793103,SI,shrub,Kew_SID,Goldberg et al. (2010),GBIF,http://data.kew.org/sid/SidServlet?ID=53204&Num=A8v,https://science.sciencemag.org/content/330/6003/493,https://www.gbif.org/species/6070923
Solanum,mauense,1.7016,543.1515152,16.31840658,21.70784941,10.49664281,1.330549296,17429.79378,2.389377403,86.7259887,SC,shrub,Kew_SID,Goldberg et al. (2010),GBIF,http://data.kew.org/sid/SidServlet?ID=36710&Num=0Pl,https://science.sciencemag.org/content/330/6003/493,https://www.gbif.org/species/2932839
Solanum,melongena,3.5,403.6933073,21.39131639,28.24208592,17.50903845,1.967840747,18037.74164,1.878649685,110.8265777,SI,herb,Kew_SID,Goldberg et al. (2010),K. Engemann et al. (2016),http://data.kew.org/sid/SidServlet?ID=21743&Num=HCb,https://science.sciencemag.org/content/330/6003/493,https://esajournals.onlinelibrary.wiley.com/doi/full/10.1002/ecy.1569
Solanum,nemophilum,0.8624,698.6015625,19.03664305,25.29321612,12.39759062,1.384972701,18701.24857,2.6292554,60.81695332,SC,shrub,Kew_SID,Goldberg et al. (2010),GBIF,http://data.kew.org/sid/SidServlet?ID=57157&Num=UsS,https://science.sciencemag.org/content/330/6003/493,https://www.gbif.org/species/2931185
Solanum,neoanglicum,0.6832,723.6666667,14.09697328,19.29048723,8.567986899,1.151967699,17194.90928,3.130796403,88.16455697,SC,shrub,Kew_SID,Goldberg et al. (2010),GBIF,http://data.kew.org/sid/SidServlet?ID=53205&Num=O9Q,https://science.sciencemag.org/content/330/6003/493,https://www.gbif.org/species/2931048
Solanum,nigriviolaceum,12.756,540.1428571,14.93364455,20.29170435,9.655362343,1.291735137,17117.4966,2.229448929,94.53911564,SC,shrub,Kew_SID,Goldberg et al. (2010),GBIF,http://data.kew.org/sid/SidServlet?ID=53206&Num=Ia5,https://science.sciencemag.org/content/330/6003/493,https://www.gbif.org/species/2930098
Solanum,nobile,1.128,719.6486486,15.50622011,20.9192774,10.40122988,1.288899815,17451.1322,3.04090656,102.1929012,SC,shrub,Kew_SID,Goldberg et al. (2010),GBIF,http://data.kew.org/sid/SidServlet?ID=53207&Num=JR0,https://science.sciencemag.org/content/330/6003/493,https://www.gbif.org/species/2932277
Solanum,petrophilum,0.882,717.1800554,19.05252056,24.91384017,12.14986581,0.886341679,20122.43707,3.908978619,23.80842784,SC,shrub,Kew_SID,Goldberg et al. (2010),GBIF,http://data.kew.org/sid/SidServlet?ID=36697&Num=0WT,https://science.sciencemag.org/content/330/6003/493,https://www.gbif.org/species/2929190
Solanum,prinophyllum,0.8544,740.4547284,15.45330862,20.82080186,10.43562017,1.261130478,16725.66867,3.278215424,79.52453336,SC,shrub,Kew_SID,Goldberg et al. (2010),GBIF,http://data.kew.org/sid/SidServlet?ID=44485&Num=8AP,https://science.sciencemag.org/content/330/6003/493,https://www.gbif.org/species/2932001
Solanum,pungetium,0.7208,744.145098,15.29935244,19.84646529,10.22000396,1.25516854,16608.33777,3.544054739,81.60945971,SI,shrub,Kew_SID,Goldberg et al. (2010),GBIF,http://data.kew.org/sid/SidServlet?ID=53213&Num=uuu,https://science.sciencemag.org/content/330/6003/493,https://www.gbif.org/species/2932002
Solanum,simile,1.636,745.8888889,16.27821939,21.89964077,10.43170575,1.053772286,17899.3885,4.04373255,36.1964145,SC,shrub,Kew_SID,Goldberg et al. (2010),GBIF,http://data.kew.org/sid/SidServlet?ID=36702&Num=0X1,https://science.sciencemag.org/content/330/6003/493,https://www.gbif.org/species/2929571
Solanum,supinum,3.3656,693.3823529,18.89523318,27.67625944,11.01179068,1.13209968,20724.90972,2.614259583,39.03125,SC,shrub,Kew_SID,Goldberg et al. (2010),GBIF,http://data.kew.org/sid/SidServlet?ID=60657&Num=Ke4,https://science.sciencemag.org/content/330/6003/493,https://www.gbif.org/species/2931659
Solanum,tomentosum,3.3412,727.7419355,17.27494599,23.4247079,10.79461131,1.220816284,18985.41013,3.433395959,38.76879085,SC,shrub,Kew_SID,Goldberg et al. (2010),GBIF,http://data.kew.org/sid/SidServlet?ID=44488&Num=tYu,https://science.sciencemag.org/content/330/6003/493,https://www.gbif.org/species/2929743
Solanum,torvum,1,489.7340824,23.58413442,27.9428834,18.89720763,2.278810761,18003.60862,2.467335846,155.3712029,SC,shrub,Kew_SID,Goldberg et al. (2010),K. Engemann et al. (2016),http://data.kew.org/sid/SidServlet?ID=21806&Num=gv3,https://science.sciencemag.org/content/330/6003/493,https://esajournals.onlinelibrary.wiley.com/doi/full/10.1002/ecy.1569
Solanum,vescum,1.90756,759.4615385,14.31315872,19.04392685,9.938110114,1.218184078,16160.57881,4.132382058,83.16956421,SC,shrub,Kew_SID,Goldberg et al. (2010),GBIF,http://data.kew.org/sid/SidServlet?ID=36802&Num=0x8,https://science.sciencemag.org/content/330/6003/493,https://www.gbif.org/species/2932211
Solanum,vicinum,0.678,719.6567164,16.28476858,21.48197226,10.92622106,1.325322518,17457.37748,3.04747875,100.6328829,SC,shrub,Kew_SID,Goldberg et al. (2010),GBIF,http://data.kew.org/sid/SidServlet?ID=57160&Num=7tI,https://science.sciencemag.org/content/330/6003/493,https://www.gbif.org/species/2931891